{
	"Version": 3,
	"FileReferences": {
		"Moc": "live.moc3",
		"Textures": [
			"live.2048/texture_00.png"
		],
		"Physics": "live.physics3.json",
		"DisplayInfo": "live.cdi3.json",
		"Expressions": [
			{
				"Name": "expression1",
				"File": "expression1.exp3.json"
			},
			{
				"Name": "expression2",
				"File": "expression2.exp3.json"
			},
			{
				"Name": "expression3",
				"File": "expression3.exp3.json"
			},
			{
				"Name": "expression4",
				"File": "expression4.exp3.json"
			},
			{
				"Name": "expression5",
				"File": "expression5.exp3.json"
			},
			{
				"Name": "expression6",
				"File": "expression6.exp3.json"
			},
			{
				"Name": "expression7",
				"File": "expression7.exp3.json"
			},
			{
				"Name": "expression8",
				"File": "expression8.exp3.json"
			},
			{
				"Name": "expression9",
				"File": "expression9.exp3.json"
			},
			{
				"Name": "expression10",
				"File": "expression10.exp3.json"
			},
			{
				"Name": "expression11",
				"File": "expression11.exp3.json"
			},
			{
				"Name": "expression12",
				"File": "expression12.exp3.json"
			}
		]
	},
	"Groups": [
		{
			"Target": "Parameter",
			"Name": "LipSync",
			"Ids": []
		},
		{
			"Target": "Parameter",
			"Name": "EyeBlink",
			"Ids": [
				"ParamEyeLOpen",
				"ParamEyeROpen"
			]
		}
	],
	"HitAreas": []
}