{
	"Version": 3,
	"Parameters": [
		{
			"Id": "ParamAngleX",
			"GroupId": "ParamGroup",
			"Name": "角度 X"
		},
		{
			"Id": "ParamAngleY",
			"GroupId": "ParamGroup",
			"Name": "角度 Y"
		},
		{
			"Id": "ParamMouseX",
			"GroupId": "ParamGroup",
			"Name": "鼠标_x"
		},
		{
			"Id": "ParamMouseY",
			"GroupId": "ParamGroup",
			"Name": "鼠标_y"
		},
		{
			"Id": "ParamMouseLeftDown",
			"GroupId": "ParamGroup",
			"Name": "左键"
		},
		{
			"Id": "ParamMouseRightDown",
			"GroupId": "ParamGroup",
			"Name": "右键"
		},
		{
			"Id": "ParamEyeLOpen",
			"GroupId": "ParamGroup",
			"Name": "左眼"
		},
		{
			"Id": "ParamEyeROpen",
			"GroupId": "ParamGroup",
			"Name": "右眼"
		},
		{
			"Id": "Param10",
			"GroupId": "ParamGroup",
			"Name": "yanlei"
		},
		{
			"Id": "Param8",
			"GroupId": "ParamGroup2",
			"Name": "base"
		},
		{
			"Id": "Param",
			"GroupId": "ParamGroup2",
			"Name": "cry"
		},
		{
			"Id": "Param9",
			"GroupId": "ParamGroup2",
			"Name": "nu"
		},
		{
			"Id": "Param11",
			"GroupId": "ParamGroup2",
			"Name": "skin 1"
		},
		{
			"Id": "Param13",
			"GroupId": "ParamGroup2",
			"Name": "skin 2"
		},
		{
			"Id": "Param14",
			"GroupId": "ParamGroup2",
			"Name": "skin 3"
		},
		{
			"Id": "Param12",
			"GroupId": "ParamGroup2",
			"Name": "xiao"
		},
		{
			"Id": "Param2",
			"GroupId": "ParamGroup3",
			"Name": "前发中"
		},
		{
			"Id": "Param3",
			"GroupId": "ParamGroup3",
			"Name": "前发右"
		},
		{
			"Id": "Param4",
			"GroupId": "ParamGroup3",
			"Name": "头发右"
		},
		{
			"Id": "Param5",
			"GroupId": "ParamGroup3",
			"Name": "头发左"
		},
		{
			"Id": "Param6",
			"GroupId": "ParamGroup3",
			"Name": "后发"
		},
		{
			"Id": "Param7",
			"GroupId": "",
			"Name": "body"
		}
	],
	"ParameterGroups": [
		{
			"Id": "ParamGroup",
			"GroupId": "",
			"Name": "base"
		},
		{
			"Id": "ParamGroup2",
			"GroupId": "",
			"Name": "jyohou1"
		},
		{
			"Id": "ParamGroup3",
			"GroupId": "",
			"Name": "wuli"
		}
	],
	"Parts": [
		{
			"Id": "Part8",
			"Name": "nina.psd(未找到对应图层)"
		},
		{
			"Id": "Part5",
			"Name": "nina.psd(未找到对应图层)"
		},
		{
			"Id": "Part",
			"Name": "右眼"
		},
		{
			"Id": "Part2",
			"Name": "左眼"
		},
		{
			"Id": "h",
			"Name": "h"
		},
		{
			"Id": "sq",
			"Name": "sq"
		},
		{
			"Id": "Part3",
			"Name": "右眼"
		},
		{
			"Id": "Part4",
			"Name": "左眼"
		}
	]
}