{
	"Version": 3,
	"FileReferences": {
		"Moc": "cat.moc3",
		"Textures": [
			"cat.1024/texture_00.png"
		],
		"Physics": "cat.physics3.json",
		"DisplayInfo": "cat.cdi3.json",
		"Expressions": [
			{
				"Name": "live2d_expression0.exp3.json",
				"File": "live2d_expression0.exp3.json"
			},
			{
				"Name": "live2d_expression1.exp3.json",
				"File": "live2d_expression1.exp3.json"
			}
		]
	},
	"Groups": [
		{
			"Target": "Parameter",
			"Name": "EyeBlink",
			"Ids": [
				"ParamEyeLOpen",
				"ParamEyeROpen"
			]
		},
		{
			"Target": "Parameter",
			"Name": "LipSync",
			"Ids": []
		}
	],
	"HitAreas": []
}