{
	"Version": 3,
	"Meta": {
		"PhysicsSettingCount": 2,
		"TotalInputCount": 5,
		"TotalOutputCount": 10,
		"VertexCount": 12,
		"EffectiveForces": {
			"Gravity": {
				"X": 0,
				"Y": -1
			},
			"Wind": {
				"X": 0,
				"Y": 0
			}
		},
		"PhysicsDictionary": [
			{
				"Id": "PhysicsSetting1",
				"Name": "尾"
			},
			{
				"Id": "PhysicsSetting2",
				"Name": "手L"
			}
		]
	},
	"PhysicsSettings": [
		{
			"Id": "PhysicsSetting1",
			"Input": [
				{
					"Source": {
						"Target": "Parameter",
						"Id": "ParamMouseX"
					},
					"Weight": 25,
					"Type": "X",
					"Reflect": false
				},
				{
					"Source": {
						"Target": "Parameter",
						"Id": "ParamMouseY"
					},
					"Weight": 25,
					"Type": "X",
					"Reflect": false
				},
				{
					"Source": {
						"Target": "Parameter",
						"Id": "ParamBreath"
					},
					"Weight": 50,
					"Type": "Angle",
					"Reflect": false
				}
			],
			"Output": [
				{
					"Destination": {
						"Target": "Parameter",
						"Id": "Param_Angle_Rotation_1_wei"
					},
					"VertexIndex": 1,
					"Scale": 1,
					"Weight": 100,
					"Type": "Angle",
					"Reflect": false
				},
				{
					"Destination": {
						"Target": "Parameter",
						"Id": "Param_Angle_Rotation_2_wei"
					},
					"VertexIndex": 2,
					"Scale": 4,
					"Weight": 100,
					"Type": "Angle",
					"Reflect": false
				},
				{
					"Destination": {
						"Target": "Parameter",
						"Id": "Param_Angle_Rotation_3_wei"
					},
					"VertexIndex": 3,
					"Scale": 7,
					"Weight": 100,
					"Type": "Angle",
					"Reflect": false
				},
				{
					"Destination": {
						"Target": "Parameter",
						"Id": "Param_Angle_Rotation_4_wei"
					},
					"VertexIndex": 4,
					"Scale": 7,
					"Weight": 100,
					"Type": "Angle",
					"Reflect": false
				},
				{
					"Destination": {
						"Target": "Parameter",
						"Id": "Param_Angle_Rotation_5_wei"
					},
					"VertexIndex": 5,
					"Scale": 7,
					"Weight": 100,
					"Type": "Angle",
					"Reflect": false
				},
				{
					"Destination": {
						"Target": "Parameter",
						"Id": "Param_Angle_Rotation_6_wei"
					},
					"VertexIndex": 6,
					"Scale": 7,
					"Weight": 100,
					"Type": "Angle",
					"Reflect": false
				},
				{
					"Destination": {
						"Target": "Parameter",
						"Id": "Param_Angle_Rotation_7_wei"
					},
					"VertexIndex": 7,
					"Scale": 7,
					"Weight": 100,
					"Type": "Angle",
					"Reflect": false
				},
				{
					"Destination": {
						"Target": "Parameter",
						"Id": "Param_Angle_Rotation_8_wei"
					},
					"VertexIndex": 8,
					"Scale": 7,
					"Weight": 100,
					"Type": "Angle",
					"Reflect": false
				},
				{
					"Destination": {
						"Target": "Parameter",
						"Id": "Param_Angle_Rotation_9_wei"
					},
					"VertexIndex": 9,
					"Scale": 7,
					"Weight": 100,
					"Type": "Angle",
					"Reflect": false
				}
			],
			"Vertices": [
				{
					"Position": {
						"X": 0,
						"Y": 0
					},
					"Mobility": 1,
					"Delay": 1,
					"Acceleration": 1,
					"Radius": 0
				},
				{
					"Position": {
						"X": 0,
						"Y": 10
					},
					"Mobility": 0.95,
					"Delay": 1,
					"Acceleration": 1,
					"Radius": 10
				},
				{
					"Position": {
						"X": 0,
						"Y": 18
					},
					"Mobility": 0.95,
					"Delay": 1,
					"Acceleration": 1,
					"Radius": 8
				},
				{
					"Position": {
						"X": 0,
						"Y": 25
					},
					"Mobility": 0.95,
					"Delay": 1,
					"Acceleration": 1,
					"Radius": 7
				},
				{
					"Position": {
						"X": 0,
						"Y": 32
					},
					"Mobility": 0.95,
					"Delay": 1,
					"Acceleration": 1,
					"Radius": 7
				},
				{
					"Position": {
						"X": 0,
						"Y": 39
					},
					"Mobility": 0.8,
					"Delay": 1,
					"Acceleration": 1,
					"Radius": 7
				},
				{
					"Position": {
						"X": 0,
						"Y": 44
					},
					"Mobility": 0.8,
					"Delay": 1,
					"Acceleration": 1,
					"Radius": 5
				},
				{
					"Position": {
						"X": 0,
						"Y": 49
					},
					"Mobility": 0.8,
					"Delay": 1,
					"Acceleration": 1,
					"Radius": 5
				},
				{
					"Position": {
						"X": 0,
						"Y": 52
					},
					"Mobility": 0.8,
					"Delay": 1,
					"Acceleration": 1,
					"Radius": 3
				},
				{
					"Position": {
						"X": 0,
						"Y": 55
					},
					"Mobility": 0.8,
					"Delay": 1,
					"Acceleration": 1,
					"Radius": 3
				}
			],
			"Normalization": {
				"Position": {
					"Minimum": -10,
					"Default": 0,
					"Maximum": 10
				},
				"Angle": {
					"Minimum": -10,
					"Default": 0,
					"Maximum": 10
				}
			}
		},
		{
			"Id": "PhysicsSetting2",
			"Input": [
				{
					"Source": {
						"Target": "Parameter",
						"Id": "ParamMouseX"
					},
					"Weight": 50,
					"Type": "X",
					"Reflect": false
				},
				{
					"Source": {
						"Target": "Parameter",
						"Id": "ParamMouseY"
					},
					"Weight": 50,
					"Type": "X",
					"Reflect": false
				}
			],
			"Output": [
				{
					"Destination": {
						"Target": "Parameter",
						"Id": "Param"
					},
					"VertexIndex": 1,
					"Scale": 0.6,
					"Weight": 100,
					"Type": "Angle",
					"Reflect": false
				}
			],
			"Vertices": [
				{
					"Position": {
						"X": 0,
						"Y": 0
					},
					"Mobility": 1,
					"Delay": 1,
					"Acceleration": 1,
					"Radius": 0
				},
				{
					"Position": {
						"X": 0,
						"Y": 10
					},
					"Mobility": 0.95,
					"Delay": 1,
					"Acceleration": 1,
					"Radius": 10
				}
			],
			"Normalization": {
				"Position": {
					"Minimum": -10,
					"Default": 0,
					"Maximum": 10
				},
				"Angle": {
					"Minimum": -10,
					"Default": 0,
					"Maximum": 10
				}
			}
		}
	]
}