{
	"Version": 3,
	"Meta": {
		"Duration": 2.967,
		"Fps": 30.0,
		"Loop": true,
		"AreBeziersRestricted": false,
		"CurveCount": 124,
		"TotalSegmentCount": 1007,
		"TotalPointCount": 3111,
		"UserDataCount": 0,
		"TotalUserDataSize": 0
	},
	"Curves": [
		{
			"Target": "Parameter",
			"Id": "Param133",
			"Segments": [
				0,
				1,
				0,
				2.967,
				1
			]
		},
		{
			"Target": "Parameter",
			"Id": "Param",
			"Segments": [
				0,
				0,
				1,
				0.989,
				0,
				1.978,
				0,
				2.967,
				0
			]
		},
		{
			"Target": "Parameter",
			"Id": "ParamBrowLForm",
			"Segments": [
				0,
				0,
				1,
				0.278,
				0,
				0.556,
				-1,
				0.833,
				-1,
				1,
				1.211,
				-1,
				1.589,
				-1,
				1.967,
				-1,
				1,
				2.267,
				-1,
				2.567,
				0,
				2.867,
				0,
				0,
				2.967,
				0
			]
		},
		{
			"Target": "Parameter",
			"Id": "ParamBrowRForm",
			"Segments": [
				0,
				0,
				1,
				0.278,
				0,
				0.556,
				-0.6,
				0.833,
				-0.6,
				1,
				1.211,
				-0.6,
				1.589,
				-0.6,
				1.967,
				-0.6,
				1,
				2.267,
				-0.6,
				2.567,
				0,
				2.867,
				0,
				0,
				2.967,
				0
			]
		},
		{
			"Target": "Parameter",
			"Id": "ParamBrowLY",
			"Segments": [
				0,
				0,
				1,
				0.122,
				0,
				0.244,
				0,
				0.367,
				0,
				1,
				0.522,
				0,
				0.678,
				-1,
				0.833,
				-1,
				1,
				1.211,
				-1,
				1.589,
				-1,
				1.967,
				-1,
				1,
				2.2,
				-1,
				2.433,
				0,
				2.667,
				0,
				0,
				2.967,
				0
			]
		},
		{
			"Target": "Parameter",
			"Id": "ParamBrowRY",
			"Segments": [
				0,
				0,
				1,
				0.122,
				0,
				0.244,
				0,
				0.367,
				0,
				1,
				0.522,
				0,
				0.678,
				-1,
				0.833,
				-1,
				1,
				1.211,
				-1,
				1.589,
				-1,
				1.967,
				-1,
				1,
				2.2,
				-1,
				2.433,
				0,
				2.667,
				0,
				0,
				2.967,
				0
			]
		},
		{
			"Target": "Parameter",
			"Id": "Param2",
			"Segments": [
				0,
				-0.1,
				1,
				0.122,
				-0.1,
				0.244,
				0,
				0.367,
				0,
				1,
				0.6,
				0,
				0.833,
				-5.415,
				1.067,
				-7.2,
				1,
				1.333,
				-9.24,
				1.6,
				-9.2,
				1.867,
				-9.2,
				1,
				2.144,
				-9.2,
				2.422,
				0,
				2.7,
				0,
				1,
				2.767,
				0,
				2.833,
				-0.1,
				2.9,
				-0.1,
				0,
				2.967,
				-0.1
			]
		},
		{
			"Target": "Parameter",
			"Id": "Param3",
			"Segments": [
				0,
				0,
				1,
				0.111,
				0,
				0.222,
				0,
				0.333,
				0,
				1,
				0.578,
				0,
				0.822,
				-2.991,
				1.067,
				-2.991,
				1,
				1.544,
				-2.991,
				2.022,
				2.812,
				2.5,
				2.812,
				1,
				2.656,
				2.812,
				2.811,
				1.078,
				2.967,
				1.078
			]
		},
		{
			"Target": "Parameter",
			"Id": "Param4",
			"Segments": [
				0,
				0,
				1,
				0.111,
				0,
				0.222,
				0,
				0.333,
				0,
				1,
				0.5,
				0,
				0.667,
				0.32,
				0.833,
				0.32,
				1,
				0.844,
				0.32,
				0.856,
				0.318,
				0.867,
				0.318,
				1,
				0.878,
				0.318,
				0.889,
				0.323,
				0.9,
				0.323,
				1,
				0.911,
				0.323,
				0.922,
				0.317,
				0.933,
				0.317,
				1,
				0.944,
				0.317,
				0.956,
				0.318,
				0.967,
				0.318,
				1,
				1.156,
				0.318,
				1.344,
				-0.039,
				1.533,
				-0.039,
				1,
				1.589,
				-0.039,
				1.644,
				0.004,
				1.7,
				0.004,
				1,
				1.889,
				0.004,
				2.078,
				-0.303,
				2.267,
				-0.303,
				1,
				2.289,
				-0.303,
				2.311,
				-0.3,
				2.333,
				-0.3,
				1,
				2.344,
				-0.3,
				2.356,
				-0.305,
				2.367,
				-0.305,
				1,
				2.567,
				-0.305,
				2.767,
				0.018,
				2.967,
				0.018
			]
		},
		{
			"Target": "Parameter",
			"Id": "ParamEyeBallX",
			"Segments": [
				0,
				0,
				1,
				0.111,
				0,
				0.222,
				0,
				0.333,
				0,
				1,
				0.722,
				0,
				1.111,
				0.8,
				1.5,
				0.8,
				1,
				1.578,
				0.8,
				1.656,
				0.8,
				1.733,
				0.8,
				1,
				2.144,
				0.8,
				2.556,
				0,
				2.967,
				0
			]
		},
		{
			"Target": "Parameter",
			"Id": "ParamEyeBallY",
			"Segments": [
				0,
				0,
				1,
				0.111,
				0,
				0.222,
				0,
				0.333,
				0,
				1,
				0.722,
				0,
				1.111,
				-0.4,
				1.5,
				-0.4,
				1,
				1.578,
				-0.4,
				1.656,
				-0.4,
				1.733,
				-0.4,
				1,
				2.144,
				-0.4,
				2.556,
				0,
				2.967,
				0
			]
		},
		{
			"Target": "Parameter",
			"Id": "ParamAngleX",
			"Segments": [
				0,
				0,
				0,
				0.333,
				0,
				1,
				0.722,
				0,
				1.111,
				24,
				1.5,
				24,
				1,
				1.622,
				24,
				1.744,
				24,
				1.867,
				24,
				1,
				2.122,
				24,
				2.378,
				0,
				2.633,
				0,
				0,
				2.967,
				0
			]
		},
		{
			"Target": "Parameter",
			"Id": "ParamAngleY",
			"Segments": [
				0,
				0,
				0,
				0.333,
				0,
				1,
				0.722,
				0,
				1.111,
				-11,
				1.5,
				-11,
				1,
				1.622,
				-11,
				1.744,
				-11,
				1.867,
				-11,
				1,
				2.122,
				-11,
				2.378,
				0,
				2.633,
				0,
				0,
				2.967,
				0
			]
		},
		{
			"Target": "Parameter",
			"Id": "Param5",
			"Segments": [
				0,
				0,
				1,
				0.989,
				0,
				1.978,
				0,
				2.967,
				0
			]
		},
		{
			"Target": "Parameter",
			"Id": "Param6",
			"Segments": [
				0,
				0,
				1,
				0.989,
				0,
				1.978,
				0,
				2.967,
				0
			]
		},
		{
			"Target": "Parameter",
			"Id": "Param7",
			"Segments": [
				0,
				0,
				1,
				0.989,
				0,
				1.978,
				0,
				2.967,
				0
			]
		},
		{
			"Target": "Parameter",
			"Id": "Param8",
			"Segments": [
				0,
				0,
				1,
				0.022,
				0,
				0.044,
				0.001,
				0.067,
				0.001,
				1,
				0.1,
				0.001,
				0.133,
				0.001,
				0.167,
				0.001,
				1,
				0.2,
				0.001,
				0.233,
				0,
				0.267,
				0,
				1,
				0.278,
				0,
				0.289,
				0,
				0.3,
				0,
				1,
				0.333,
				0,
				0.367,
				0,
				0.4,
				0,
				1,
				0.411,
				0,
				0.422,
				0,
				0.433,
				0,
				1,
				0.444,
				0,
				0.456,
				0,
				0.467,
				0,
				1,
				0.478,
				0,
				0.489,
				0,
				0.5,
				0,
				1,
				0.511,
				0,
				0.522,
				0,
				0.533,
				0,
				1,
				0.611,
				0,
				0.689,
				0,
				0.767,
				0,
				1,
				0.778,
				0,
				0.789,
				0,
				0.8,
				0,
				1,
				0.822,
				0,
				0.844,
				0,
				0.867,
				0,
				1,
				0.878,
				0,
				0.889,
				0,
				0.9,
				0,
				1,
				0.911,
				0,
				0.922,
				0,
				0.933,
				0,
				1,
				0.944,
				0,
				0.956,
				0,
				0.967,
				0,
				1,
				1.056,
				0,
				1.144,
				0,
				1.233,
				0,
				1,
				1.244,
				0,
				1.256,
				0,
				1.267,
				0,
				1,
				1.3,
				0,
				1.333,
				0,
				1.367,
				0,
				1,
				1.378,
				0,
				1.389,
				0,
				1.4,
				0,
				1,
				1.533,
				0,
				1.667,
				0,
				1.8,
				0,
				1,
				1.811,
				0,
				1.822,
				0,
				1.833,
				0,
				1,
				1.922,
				0,
				2.011,
				0,
				2.1,
				0,
				1,
				2.111,
				0,
				2.122,
				0,
				2.133,
				0,
				1,
				2.411,
				0,
				2.689,
				0,
				2.967,
				0
			]
		},
		{
			"Target": "Parameter",
			"Id": "Param9",
			"Segments": [
				0,
				0,
				1,
				0.989,
				0,
				1.978,
				0,
				2.967,
				0
			]
		},
		{
			"Target": "Parameter",
			"Id": "Param10",
			"Segments": [
				0,
				0,
				1,
				0.989,
				0,
				1.978,
				0,
				2.967,
				0
			]
		},
		{
			"Target": "Parameter",
			"Id": "Param13",
			"Segments": [
				0,
				3.491,
				1,
				0.111,
				3.491,
				0.222,
				3.491,
				0.333,
				3.491,
				1,
				0.478,
				3.491,
				0.622,
				2.519,
				0.767,
				2.519,
				1,
				1.044,
				2.519,
				1.322,
				3.802,
				1.6,
				3.802,
				1,
				1.689,
				3.802,
				1.778,
				3.472,
				1.867,
				3.472,
				1,
				1.989,
				3.472,
				2.111,
				5.21,
				2.233,
				5.21,
				1,
				2.4,
				5.21,
				2.567,
				2.745,
				2.733,
				2.745,
				1,
				2.811,
				2.745,
				2.889,
				3.416,
				2.967,
				3.416
			]
		},
		{
			"Target": "Parameter",
			"Id": "Param14",
			"Segments": [
				0,
				0,
				1,
				0.033,
				0,
				0.067,
				0,
				0.1,
				0,
				1,
				0.111,
				0,
				0.122,
				0,
				0.133,
				0,
				1,
				0.144,
				0,
				0.156,
				0,
				0.167,
				0,
				1,
				0.178,
				0,
				0.189,
				0,
				0.2,
				0,
				1,
				0.233,
				0,
				0.267,
				0,
				0.3,
				0,
				1,
				0.311,
				0,
				0.322,
				0,
				0.333,
				0,
				1,
				0.411,
				0,
				0.489,
				0.312,
				0.567,
				0.312,
				1,
				0.689,
				0.312,
				0.811,
				-0.027,
				0.933,
				-0.027,
				1,
				1.033,
				-0.027,
				1.133,
				0.204,
				1.233,
				0.204,
				1,
				1.333,
				0.204,
				1.433,
				-0.036,
				1.533,
				-0.036,
				1,
				1.611,
				-0.036,
				1.689,
				0.207,
				1.767,
				0.207,
				1,
				1.878,
				0.207,
				1.989,
				-0.783,
				2.1,
				-0.783,
				1,
				2.222,
				-0.783,
				2.344,
				0.451,
				2.467,
				0.451,
				1,
				2.611,
				0.451,
				2.756,
				-0.791,
				2.9,
				-0.791,
				1,
				2.922,
				-0.791,
				2.944,
				-0.649,
				2.967,
				-0.649
			]
		},
		{
			"Target": "Parameter",
			"Id": "Param15",
			"Segments": [
				0,
				0,
				1,
				0.044,
				0,
				0.089,
				0.001,
				0.133,
				0.001,
				1,
				0.156,
				0.001,
				0.178,
				0.001,
				0.2,
				0.001,
				1,
				0.244,
				0.001,
				0.289,
				0,
				0.333,
				0,
				1,
				0.444,
				0,
				0.556,
				0.085,
				0.667,
				0.085,
				1,
				0.8,
				0.085,
				0.933,
				-0.26,
				1.067,
				-0.26,
				1,
				1.2,
				-0.26,
				1.333,
				0.071,
				1.467,
				0.071,
				1,
				1.533,
				0.071,
				1.6,
				0.019,
				1.667,
				0.019,
				1,
				1.744,
				0.019,
				1.822,
				0.117,
				1.9,
				0.117,
				1,
				2,
				0.117,
				2.1,
				-0.268,
				2.2,
				-0.268,
				1,
				2.333,
				-0.268,
				2.467,
				0.654,
				2.6,
				0.654,
				1,
				2.722,
				0.654,
				2.844,
				-0.691,
				2.967,
				-0.691
			]
		},
		{
			"Target": "Parameter",
			"Id": "Param16",
			"Segments": [
				0,
				3.491,
				1,
				0.111,
				3.491,
				0.222,
				3.491,
				0.333,
				3.491,
				1,
				0.478,
				3.491,
				0.622,
				2.519,
				0.767,
				2.519,
				1,
				1.044,
				2.519,
				1.322,
				3.802,
				1.6,
				3.802,
				1,
				1.689,
				3.802,
				1.778,
				3.472,
				1.867,
				3.472,
				1,
				1.989,
				3.472,
				2.111,
				5.21,
				2.233,
				5.21,
				1,
				2.4,
				5.21,
				2.567,
				2.745,
				2.733,
				2.745,
				1,
				2.811,
				2.745,
				2.889,
				3.416,
				2.967,
				3.416
			]
		},
		{
			"Target": "Parameter",
			"Id": "Param17",
			"Segments": [
				0,
				0,
				1,
				0.033,
				0,
				0.067,
				0,
				0.1,
				0,
				1,
				0.111,
				0,
				0.122,
				0,
				0.133,
				0,
				1,
				0.144,
				0,
				0.156,
				0,
				0.167,
				0,
				1,
				0.178,
				0,
				0.189,
				0,
				0.2,
				0,
				1,
				0.233,
				0,
				0.267,
				0,
				0.3,
				0,
				1,
				0.311,
				0,
				0.322,
				0,
				0.333,
				0,
				1,
				0.411,
				0,
				0.489,
				0.312,
				0.567,
				0.312,
				1,
				0.689,
				0.312,
				0.811,
				-0.027,
				0.933,
				-0.027,
				1,
				1.033,
				-0.027,
				1.133,
				0.204,
				1.233,
				0.204,
				1,
				1.333,
				0.204,
				1.433,
				-0.036,
				1.533,
				-0.036,
				1,
				1.611,
				-0.036,
				1.689,
				0.207,
				1.767,
				0.207,
				1,
				1.878,
				0.207,
				1.989,
				-0.783,
				2.1,
				-0.783,
				1,
				2.222,
				-0.783,
				2.344,
				0.451,
				2.467,
				0.451,
				1,
				2.611,
				0.451,
				2.756,
				-0.791,
				2.9,
				-0.791,
				1,
				2.922,
				-0.791,
				2.944,
				-0.649,
				2.967,
				-0.649
			]
		},
		{
			"Target": "Parameter",
			"Id": "Param18",
			"Segments": [
				0,
				0,
				1,
				0.044,
				0,
				0.089,
				0.001,
				0.133,
				0.001,
				1,
				0.156,
				0.001,
				0.178,
				0.001,
				0.2,
				0.001,
				1,
				0.244,
				0.001,
				0.289,
				0,
				0.333,
				0,
				1,
				0.444,
				0,
				0.556,
				0.085,
				0.667,
				0.085,
				1,
				0.8,
				0.085,
				0.933,
				-0.26,
				1.067,
				-0.26,
				1,
				1.2,
				-0.26,
				1.333,
				0.071,
				1.467,
				0.071,
				1,
				1.533,
				0.071,
				1.6,
				0.019,
				1.667,
				0.019,
				1,
				1.744,
				0.019,
				1.822,
				0.117,
				1.9,
				0.117,
				1,
				2,
				0.117,
				2.1,
				-0.268,
				2.2,
				-0.268,
				1,
				2.333,
				-0.268,
				2.467,
				0.654,
				2.6,
				0.654,
				1,
				2.722,
				0.654,
				2.844,
				-0.691,
				2.967,
				-0.691
			]
		},
		{
			"Target": "Parameter",
			"Id": "Param19",
			"Segments": [
				0,
				3.491,
				1,
				0.111,
				3.491,
				0.222,
				3.491,
				0.333,
				3.491,
				1,
				0.478,
				3.491,
				0.622,
				2.519,
				0.767,
				2.519,
				1,
				1.044,
				2.519,
				1.322,
				3.802,
				1.6,
				3.802,
				1,
				1.689,
				3.802,
				1.778,
				3.472,
				1.867,
				3.472,
				1,
				1.989,
				3.472,
				2.111,
				5.21,
				2.233,
				5.21,
				1,
				2.4,
				5.21,
				2.567,
				2.745,
				2.733,
				2.745,
				1,
				2.811,
				2.745,
				2.889,
				3.416,
				2.967,
				3.416
			]
		},
		{
			"Target": "Parameter",
			"Id": "Param20",
			"Segments": [
				0,
				0,
				1,
				0.033,
				0,
				0.067,
				0,
				0.1,
				0,
				1,
				0.111,
				0,
				0.122,
				0,
				0.133,
				0,
				1,
				0.144,
				0,
				0.156,
				0,
				0.167,
				0,
				1,
				0.178,
				0,
				0.189,
				0,
				0.2,
				0,
				1,
				0.233,
				0,
				0.267,
				0,
				0.3,
				0,
				1,
				0.311,
				0,
				0.322,
				0,
				0.333,
				0,
				1,
				0.411,
				0,
				0.489,
				0.312,
				0.567,
				0.312,
				1,
				0.689,
				0.312,
				0.811,
				-0.027,
				0.933,
				-0.027,
				1,
				1.033,
				-0.027,
				1.133,
				0.204,
				1.233,
				0.204,
				1,
				1.333,
				0.204,
				1.433,
				-0.036,
				1.533,
				-0.036,
				1,
				1.611,
				-0.036,
				1.689,
				0.207,
				1.767,
				0.207,
				1,
				1.878,
				0.207,
				1.989,
				-0.783,
				2.1,
				-0.783,
				1,
				2.222,
				-0.783,
				2.344,
				0.451,
				2.467,
				0.451,
				1,
				2.611,
				0.451,
				2.756,
				-0.791,
				2.9,
				-0.791,
				1,
				2.922,
				-0.791,
				2.944,
				-0.649,
				2.967,
				-0.649
			]
		},
		{
			"Target": "Parameter",
			"Id": "Param21",
			"Segments": [
				0,
				0,
				1,
				0.044,
				0,
				0.089,
				0.001,
				0.133,
				0.001,
				1,
				0.156,
				0.001,
				0.178,
				0.001,
				0.2,
				0.001,
				1,
				0.244,
				0.001,
				0.289,
				0,
				0.333,
				0,
				1,
				0.444,
				0,
				0.556,
				0.085,
				0.667,
				0.085,
				1,
				0.8,
				0.085,
				0.933,
				-0.26,
				1.067,
				-0.26,
				1,
				1.2,
				-0.26,
				1.333,
				0.071,
				1.467,
				0.071,
				1,
				1.533,
				0.071,
				1.6,
				0.019,
				1.667,
				0.019,
				1,
				1.744,
				0.019,
				1.822,
				0.117,
				1.9,
				0.117,
				1,
				2,
				0.117,
				2.1,
				-0.268,
				2.2,
				-0.268,
				1,
				2.333,
				-0.268,
				2.467,
				0.654,
				2.6,
				0.654,
				1,
				2.722,
				0.654,
				2.844,
				-0.691,
				2.967,
				-0.691
			]
		},
		{
			"Target": "Parameter",
			"Id": "Param22",
			"Segments": [
				0,
				3.491,
				1,
				0.111,
				3.491,
				0.222,
				3.491,
				0.333,
				3.491,
				1,
				0.478,
				3.491,
				0.622,
				2.519,
				0.767,
				2.519,
				1,
				1.044,
				2.519,
				1.322,
				3.802,
				1.6,
				3.802,
				1,
				1.689,
				3.802,
				1.778,
				3.472,
				1.867,
				3.472,
				1,
				1.989,
				3.472,
				2.111,
				5.21,
				2.233,
				5.21,
				1,
				2.4,
				5.21,
				2.567,
				2.745,
				2.733,
				2.745,
				1,
				2.811,
				2.745,
				2.889,
				3.416,
				2.967,
				3.416
			]
		},
		{
			"Target": "Parameter",
			"Id": "Param23",
			"Segments": [
				0,
				0,
				1,
				0.033,
				0,
				0.067,
				0,
				0.1,
				0,
				1,
				0.111,
				0,
				0.122,
				0,
				0.133,
				0,
				1,
				0.144,
				0,
				0.156,
				0,
				0.167,
				0,
				1,
				0.178,
				0,
				0.189,
				0,
				0.2,
				0,
				1,
				0.233,
				0,
				0.267,
				0,
				0.3,
				0,
				1,
				0.311,
				0,
				0.322,
				0,
				0.333,
				0,
				1,
				0.411,
				0,
				0.489,
				0.312,
				0.567,
				0.312,
				1,
				0.689,
				0.312,
				0.811,
				-0.027,
				0.933,
				-0.027,
				1,
				1.033,
				-0.027,
				1.133,
				0.204,
				1.233,
				0.204,
				1,
				1.333,
				0.204,
				1.433,
				-0.036,
				1.533,
				-0.036,
				1,
				1.611,
				-0.036,
				1.689,
				0.207,
				1.767,
				0.207,
				1,
				1.878,
				0.207,
				1.989,
				-0.783,
				2.1,
				-0.783,
				1,
				2.222,
				-0.783,
				2.344,
				0.451,
				2.467,
				0.451,
				1,
				2.611,
				0.451,
				2.756,
				-0.791,
				2.9,
				-0.791,
				1,
				2.922,
				-0.791,
				2.944,
				-0.649,
				2.967,
				-0.649
			]
		},
		{
			"Target": "Parameter",
			"Id": "Param24",
			"Segments": [
				0,
				0,
				1,
				0.044,
				0,
				0.089,
				0.001,
				0.133,
				0.001,
				1,
				0.156,
				0.001,
				0.178,
				0.001,
				0.2,
				0.001,
				1,
				0.244,
				0.001,
				0.289,
				0,
				0.333,
				0,
				1,
				0.444,
				0,
				0.556,
				0.085,
				0.667,
				0.085,
				1,
				0.8,
				0.085,
				0.933,
				-0.26,
				1.067,
				-0.26,
				1,
				1.2,
				-0.26,
				1.333,
				0.071,
				1.467,
				0.071,
				1,
				1.533,
				0.071,
				1.6,
				0.019,
				1.667,
				0.019,
				1,
				1.744,
				0.019,
				1.822,
				0.117,
				1.9,
				0.117,
				1,
				2,
				0.117,
				2.1,
				-0.268,
				2.2,
				-0.268,
				1,
				2.333,
				-0.268,
				2.467,
				0.654,
				2.6,
				0.654,
				1,
				2.722,
				0.654,
				2.844,
				-0.691,
				2.967,
				-0.691
			]
		},
		{
			"Target": "Parameter",
			"Id": "Param25",
			"Segments": [
				0,
				0,
				1,
				0.033,
				0,
				0.067,
				0,
				0.1,
				0,
				1,
				0.111,
				0,
				0.122,
				0,
				0.133,
				0,
				1,
				0.144,
				0,
				0.156,
				0,
				0.167,
				0,
				1,
				0.178,
				0,
				0.189,
				0,
				0.2,
				0,
				1,
				0.233,
				0,
				0.267,
				0,
				0.3,
				0,
				1,
				0.311,
				0,
				0.322,
				0,
				0.333,
				0,
				1,
				0.411,
				0,
				0.489,
				0.312,
				0.567,
				0.312,
				1,
				0.689,
				0.312,
				0.811,
				-0.027,
				0.933,
				-0.027,
				1,
				1.033,
				-0.027,
				1.133,
				0.204,
				1.233,
				0.204,
				1,
				1.333,
				0.204,
				1.433,
				-0.036,
				1.533,
				-0.036,
				1,
				1.611,
				-0.036,
				1.689,
				0.207,
				1.767,
				0.207,
				1,
				1.878,
				0.207,
				1.989,
				-0.783,
				2.1,
				-0.783,
				1,
				2.222,
				-0.783,
				2.344,
				0.451,
				2.467,
				0.451,
				1,
				2.611,
				0.451,
				2.756,
				-0.791,
				2.9,
				-0.791,
				1,
				2.922,
				-0.791,
				2.944,
				-0.649,
				2.967,
				-0.649
			]
		},
		{
			"Target": "Parameter",
			"Id": "Param26",
			"Segments": [
				0,
				3.491,
				1,
				0.111,
				3.491,
				0.222,
				3.491,
				0.333,
				3.491,
				1,
				0.478,
				3.491,
				0.622,
				2.519,
				0.767,
				2.519,
				1,
				1.044,
				2.519,
				1.322,
				3.802,
				1.6,
				3.802,
				1,
				1.689,
				3.802,
				1.778,
				3.472,
				1.867,
				3.472,
				1,
				1.989,
				3.472,
				2.111,
				5.21,
				2.233,
				5.21,
				1,
				2.4,
				5.21,
				2.567,
				2.745,
				2.733,
				2.745,
				1,
				2.811,
				2.745,
				2.889,
				3.416,
				2.967,
				3.416
			]
		},
		{
			"Target": "Parameter",
			"Id": "Param27",
			"Segments": [
				0,
				0,
				1,
				0.044,
				0,
				0.089,
				0.001,
				0.133,
				0.001,
				1,
				0.156,
				0.001,
				0.178,
				0.001,
				0.2,
				0.001,
				1,
				0.244,
				0.001,
				0.289,
				0,
				0.333,
				0,
				1,
				0.444,
				0,
				0.556,
				0.085,
				0.667,
				0.085,
				1,
				0.8,
				0.085,
				0.933,
				-0.26,
				1.067,
				-0.26,
				1,
				1.2,
				-0.26,
				1.333,
				0.071,
				1.467,
				0.071,
				1,
				1.533,
				0.071,
				1.6,
				0.019,
				1.667,
				0.019,
				1,
				1.744,
				0.019,
				1.822,
				0.117,
				1.9,
				0.117,
				1,
				2,
				0.117,
				2.1,
				-0.268,
				2.2,
				-0.268,
				1,
				2.333,
				-0.268,
				2.467,
				0.654,
				2.6,
				0.654,
				1,
				2.722,
				0.654,
				2.844,
				-0.691,
				2.967,
				-0.691
			]
		},
		{
			"Target": "Parameter",
			"Id": "Param28",
			"Segments": [
				0,
				3.491,
				1,
				0.111,
				3.491,
				0.222,
				3.491,
				0.333,
				3.491,
				1,
				0.478,
				3.491,
				0.622,
				2.519,
				0.767,
				2.519,
				1,
				1.044,
				2.519,
				1.322,
				3.802,
				1.6,
				3.802,
				1,
				1.689,
				3.802,
				1.778,
				3.472,
				1.867,
				3.472,
				1,
				1.989,
				3.472,
				2.111,
				5.21,
				2.233,
				5.21,
				1,
				2.4,
				5.21,
				2.567,
				2.745,
				2.733,
				2.745,
				1,
				2.811,
				2.745,
				2.889,
				3.416,
				2.967,
				3.416
			]
		},
		{
			"Target": "Parameter",
			"Id": "Param29",
			"Segments": [
				0,
				0,
				1,
				0.033,
				0,
				0.067,
				0,
				0.1,
				0,
				1,
				0.111,
				0,
				0.122,
				0,
				0.133,
				0,
				1,
				0.144,
				0,
				0.156,
				0,
				0.167,
				0,
				1,
				0.178,
				0,
				0.189,
				0,
				0.2,
				0,
				1,
				0.233,
				0,
				0.267,
				0,
				0.3,
				0,
				1,
				0.311,
				0,
				0.322,
				0,
				0.333,
				0,
				1,
				0.411,
				0,
				0.489,
				0.312,
				0.567,
				0.312,
				1,
				0.689,
				0.312,
				0.811,
				-0.027,
				0.933,
				-0.027,
				1,
				1.033,
				-0.027,
				1.133,
				0.204,
				1.233,
				0.204,
				1,
				1.333,
				0.204,
				1.433,
				-0.036,
				1.533,
				-0.036,
				1,
				1.611,
				-0.036,
				1.689,
				0.207,
				1.767,
				0.207,
				1,
				1.878,
				0.207,
				1.989,
				-0.783,
				2.1,
				-0.783,
				1,
				2.222,
				-0.783,
				2.344,
				0.451,
				2.467,
				0.451,
				1,
				2.611,
				0.451,
				2.756,
				-0.791,
				2.9,
				-0.791,
				1,
				2.922,
				-0.791,
				2.944,
				-0.649,
				2.967,
				-0.649
			]
		},
		{
			"Target": "Parameter",
			"Id": "Param30",
			"Segments": [
				0,
				0,
				1,
				0.044,
				0,
				0.089,
				0.001,
				0.133,
				0.001,
				1,
				0.156,
				0.001,
				0.178,
				0.001,
				0.2,
				0.001,
				1,
				0.244,
				0.001,
				0.289,
				0,
				0.333,
				0,
				1,
				0.444,
				0,
				0.556,
				0.085,
				0.667,
				0.085,
				1,
				0.8,
				0.085,
				0.933,
				-0.26,
				1.067,
				-0.26,
				1,
				1.2,
				-0.26,
				1.333,
				0.071,
				1.467,
				0.071,
				1,
				1.533,
				0.071,
				1.6,
				0.019,
				1.667,
				0.019,
				1,
				1.744,
				0.019,
				1.822,
				0.117,
				1.9,
				0.117,
				1,
				2,
				0.117,
				2.1,
				-0.268,
				2.2,
				-0.268,
				1,
				2.333,
				-0.268,
				2.467,
				0.654,
				2.6,
				0.654,
				1,
				2.722,
				0.654,
				2.844,
				-0.691,
				2.967,
				-0.691
			]
		},
		{
			"Target": "Parameter",
			"Id": "Param31",
			"Segments": [
				0,
				3.491,
				1,
				0.111,
				3.491,
				0.222,
				3.491,
				0.333,
				3.491,
				1,
				0.478,
				3.491,
				0.622,
				2.519,
				0.767,
				2.519,
				1,
				1.044,
				2.519,
				1.322,
				3.802,
				1.6,
				3.802,
				1,
				1.689,
				3.802,
				1.778,
				3.472,
				1.867,
				3.472,
				1,
				1.989,
				3.472,
				2.111,
				5.21,
				2.233,
				5.21,
				1,
				2.4,
				5.21,
				2.567,
				2.745,
				2.733,
				2.745,
				1,
				2.811,
				2.745,
				2.889,
				3.416,
				2.967,
				3.416
			]
		},
		{
			"Target": "Parameter",
			"Id": "Param32",
			"Segments": [
				0,
				0,
				1,
				0.033,
				0,
				0.067,
				0,
				0.1,
				0,
				1,
				0.111,
				0,
				0.122,
				0,
				0.133,
				0,
				1,
				0.144,
				0,
				0.156,
				0,
				0.167,
				0,
				1,
				0.178,
				0,
				0.189,
				0,
				0.2,
				0,
				1,
				0.233,
				0,
				0.267,
				0,
				0.3,
				0,
				1,
				0.311,
				0,
				0.322,
				0,
				0.333,
				0,
				1,
				0.411,
				0,
				0.489,
				0.312,
				0.567,
				0.312,
				1,
				0.689,
				0.312,
				0.811,
				-0.027,
				0.933,
				-0.027,
				1,
				1.033,
				-0.027,
				1.133,
				0.204,
				1.233,
				0.204,
				1,
				1.333,
				0.204,
				1.433,
				-0.036,
				1.533,
				-0.036,
				1,
				1.611,
				-0.036,
				1.689,
				0.207,
				1.767,
				0.207,
				1,
				1.878,
				0.207,
				1.989,
				-0.783,
				2.1,
				-0.783,
				1,
				2.222,
				-0.783,
				2.344,
				0.451,
				2.467,
				0.451,
				1,
				2.611,
				0.451,
				2.756,
				-0.791,
				2.9,
				-0.791,
				1,
				2.922,
				-0.791,
				2.944,
				-0.649,
				2.967,
				-0.649
			]
		},
		{
			"Target": "Parameter",
			"Id": "Param33",
			"Segments": [
				0,
				0,
				1,
				0.044,
				0,
				0.089,
				0.001,
				0.133,
				0.001,
				1,
				0.156,
				0.001,
				0.178,
				0.001,
				0.2,
				0.001,
				1,
				0.244,
				0.001,
				0.289,
				0,
				0.333,
				0,
				1,
				0.444,
				0,
				0.556,
				0.085,
				0.667,
				0.085,
				1,
				0.8,
				0.085,
				0.933,
				-0.26,
				1.067,
				-0.26,
				1,
				1.2,
				-0.26,
				1.333,
				0.071,
				1.467,
				0.071,
				1,
				1.533,
				0.071,
				1.6,
				0.019,
				1.667,
				0.019,
				1,
				1.744,
				0.019,
				1.822,
				0.117,
				1.9,
				0.117,
				1,
				2,
				0.117,
				2.1,
				-0.268,
				2.2,
				-0.268,
				1,
				2.333,
				-0.268,
				2.467,
				0.654,
				2.6,
				0.654,
				1,
				2.722,
				0.654,
				2.844,
				-0.691,
				2.967,
				-0.691
			]
		},
		{
			"Target": "Parameter",
			"Id": "Param34",
			"Segments": [
				0,
				3.491,
				1,
				0.111,
				3.491,
				0.222,
				3.491,
				0.333,
				3.491,
				1,
				0.478,
				3.491,
				0.622,
				2.519,
				0.767,
				2.519,
				1,
				1.044,
				2.519,
				1.322,
				3.802,
				1.6,
				3.802,
				1,
				1.689,
				3.802,
				1.778,
				3.472,
				1.867,
				3.472,
				1,
				1.989,
				3.472,
				2.111,
				5.21,
				2.233,
				5.21,
				1,
				2.4,
				5.21,
				2.567,
				2.745,
				2.733,
				2.745,
				1,
				2.811,
				2.745,
				2.889,
				3.416,
				2.967,
				3.416
			]
		},
		{
			"Target": "Parameter",
			"Id": "Param35",
			"Segments": [
				0,
				0,
				1,
				0.033,
				0,
				0.067,
				0,
				0.1,
				0,
				1,
				0.111,
				0,
				0.122,
				0,
				0.133,
				0,
				1,
				0.144,
				0,
				0.156,
				0,
				0.167,
				0,
				1,
				0.178,
				0,
				0.189,
				0,
				0.2,
				0,
				1,
				0.233,
				0,
				0.267,
				0,
				0.3,
				0,
				1,
				0.311,
				0,
				0.322,
				0,
				0.333,
				0,
				1,
				0.411,
				0,
				0.489,
				0.312,
				0.567,
				0.312,
				1,
				0.689,
				0.312,
				0.811,
				-0.027,
				0.933,
				-0.027,
				1,
				1.033,
				-0.027,
				1.133,
				0.204,
				1.233,
				0.204,
				1,
				1.333,
				0.204,
				1.433,
				-0.036,
				1.533,
				-0.036,
				1,
				1.611,
				-0.036,
				1.689,
				0.207,
				1.767,
				0.207,
				1,
				1.878,
				0.207,
				1.989,
				-0.783,
				2.1,
				-0.783,
				1,
				2.222,
				-0.783,
				2.344,
				0.451,
				2.467,
				0.451,
				1,
				2.611,
				0.451,
				2.756,
				-0.791,
				2.9,
				-0.791,
				1,
				2.922,
				-0.791,
				2.944,
				-0.649,
				2.967,
				-0.649
			]
		},
		{
			"Target": "Parameter",
			"Id": "Param36",
			"Segments": [
				0,
				0,
				1,
				0.044,
				0,
				0.089,
				0.001,
				0.133,
				0.001,
				1,
				0.156,
				0.001,
				0.178,
				0.001,
				0.2,
				0.001,
				1,
				0.244,
				0.001,
				0.289,
				0,
				0.333,
				0,
				1,
				0.444,
				0,
				0.556,
				0.085,
				0.667,
				0.085,
				1,
				0.8,
				0.085,
				0.933,
				-0.26,
				1.067,
				-0.26,
				1,
				1.2,
				-0.26,
				1.333,
				0.071,
				1.467,
				0.071,
				1,
				1.533,
				0.071,
				1.6,
				0.019,
				1.667,
				0.019,
				1,
				1.744,
				0.019,
				1.822,
				0.117,
				1.9,
				0.117,
				1,
				2,
				0.117,
				2.1,
				-0.268,
				2.2,
				-0.268,
				1,
				2.333,
				-0.268,
				2.467,
				0.654,
				2.6,
				0.654,
				1,
				2.722,
				0.654,
				2.844,
				-0.691,
				2.967,
				-0.691
			]
		},
		{
			"Target": "Parameter",
			"Id": "Param37",
			"Segments": [
				0,
				3.491,
				1,
				0.111,
				3.491,
				0.222,
				3.491,
				0.333,
				3.491,
				1,
				0.478,
				3.491,
				0.622,
				2.519,
				0.767,
				2.519,
				1,
				1.044,
				2.519,
				1.322,
				3.802,
				1.6,
				3.802,
				1,
				1.689,
				3.802,
				1.778,
				3.472,
				1.867,
				3.472,
				1,
				1.989,
				3.472,
				2.111,
				5.21,
				2.233,
				5.21,
				1,
				2.4,
				5.21,
				2.567,
				2.745,
				2.733,
				2.745,
				1,
				2.811,
				2.745,
				2.889,
				3.416,
				2.967,
				3.416
			]
		},
		{
			"Target": "Parameter",
			"Id": "Param38",
			"Segments": [
				0,
				0,
				1,
				0.033,
				0,
				0.067,
				0,
				0.1,
				0,
				1,
				0.111,
				0,
				0.122,
				0,
				0.133,
				0,
				1,
				0.144,
				0,
				0.156,
				0,
				0.167,
				0,
				1,
				0.178,
				0,
				0.189,
				0,
				0.2,
				0,
				1,
				0.233,
				0,
				0.267,
				0,
				0.3,
				0,
				1,
				0.311,
				0,
				0.322,
				0,
				0.333,
				0,
				1,
				0.411,
				0,
				0.489,
				0.312,
				0.567,
				0.312,
				1,
				0.689,
				0.312,
				0.811,
				-0.027,
				0.933,
				-0.027,
				1,
				1.033,
				-0.027,
				1.133,
				0.204,
				1.233,
				0.204,
				1,
				1.333,
				0.204,
				1.433,
				-0.036,
				1.533,
				-0.036,
				1,
				1.611,
				-0.036,
				1.689,
				0.207,
				1.767,
				0.207,
				1,
				1.878,
				0.207,
				1.989,
				-0.783,
				2.1,
				-0.783,
				1,
				2.222,
				-0.783,
				2.344,
				0.451,
				2.467,
				0.451,
				1,
				2.611,
				0.451,
				2.756,
				-0.791,
				2.9,
				-0.791,
				1,
				2.922,
				-0.791,
				2.944,
				-0.649,
				2.967,
				-0.649
			]
		},
		{
			"Target": "Parameter",
			"Id": "Param39",
			"Segments": [
				0,
				3.491,
				1,
				0.111,
				3.491,
				0.222,
				3.491,
				0.333,
				3.491,
				1,
				0.478,
				3.491,
				0.622,
				2.519,
				0.767,
				2.519,
				1,
				1.044,
				2.519,
				1.322,
				3.802,
				1.6,
				3.802,
				1,
				1.689,
				3.802,
				1.778,
				3.472,
				1.867,
				3.472,
				1,
				1.989,
				3.472,
				2.111,
				5.21,
				2.233,
				5.21,
				1,
				2.4,
				5.21,
				2.567,
				2.745,
				2.733,
				2.745,
				1,
				2.811,
				2.745,
				2.889,
				3.416,
				2.967,
				3.416
			]
		},
		{
			"Target": "Parameter",
			"Id": "Param40",
			"Segments": [
				0,
				0,
				1,
				0.033,
				0,
				0.067,
				0,
				0.1,
				0,
				1,
				0.111,
				0,
				0.122,
				0,
				0.133,
				0,
				1,
				0.144,
				0,
				0.156,
				0,
				0.167,
				0,
				1,
				0.178,
				0,
				0.189,
				0,
				0.2,
				0,
				1,
				0.233,
				0,
				0.267,
				0,
				0.3,
				0,
				1,
				0.311,
				0,
				0.322,
				0,
				0.333,
				0,
				1,
				0.411,
				0,
				0.489,
				0.312,
				0.567,
				0.312,
				1,
				0.689,
				0.312,
				0.811,
				-0.027,
				0.933,
				-0.027,
				1,
				1.033,
				-0.027,
				1.133,
				0.204,
				1.233,
				0.204,
				1,
				1.333,
				0.204,
				1.433,
				-0.036,
				1.533,
				-0.036,
				1,
				1.611,
				-0.036,
				1.689,
				0.207,
				1.767,
				0.207,
				1,
				1.878,
				0.207,
				1.989,
				-0.783,
				2.1,
				-0.783,
				1,
				2.222,
				-0.783,
				2.344,
				0.451,
				2.467,
				0.451,
				1,
				2.611,
				0.451,
				2.756,
				-0.791,
				2.9,
				-0.791,
				1,
				2.922,
				-0.791,
				2.944,
				-0.649,
				2.967,
				-0.649
			]
		},
		{
			"Target": "Parameter",
			"Id": "Param41",
			"Segments": [
				0,
				0,
				1,
				0.044,
				0,
				0.089,
				0.001,
				0.133,
				0.001,
				1,
				0.156,
				0.001,
				0.178,
				0.001,
				0.2,
				0.001,
				1,
				0.244,
				0.001,
				0.289,
				0,
				0.333,
				0,
				1,
				0.444,
				0,
				0.556,
				0.085,
				0.667,
				0.085,
				1,
				0.8,
				0.085,
				0.933,
				-0.26,
				1.067,
				-0.26,
				1,
				1.2,
				-0.26,
				1.333,
				0.071,
				1.467,
				0.071,
				1,
				1.533,
				0.071,
				1.6,
				0.019,
				1.667,
				0.019,
				1,
				1.744,
				0.019,
				1.822,
				0.117,
				1.9,
				0.117,
				1,
				2,
				0.117,
				2.1,
				-0.268,
				2.2,
				-0.268,
				1,
				2.333,
				-0.268,
				2.467,
				0.654,
				2.6,
				0.654,
				1,
				2.722,
				0.654,
				2.844,
				-0.691,
				2.967,
				-0.691
			]
		},
		{
			"Target": "Parameter",
			"Id": "Param42",
			"Segments": [
				0,
				3.491,
				1,
				0.111,
				3.491,
				0.222,
				3.491,
				0.333,
				3.491,
				1,
				0.478,
				3.491,
				0.622,
				2.519,
				0.767,
				2.519,
				1,
				1.044,
				2.519,
				1.322,
				3.802,
				1.6,
				3.802,
				1,
				1.689,
				3.802,
				1.778,
				3.472,
				1.867,
				3.472,
				1,
				1.989,
				3.472,
				2.111,
				5.21,
				2.233,
				5.21,
				1,
				2.4,
				5.21,
				2.567,
				2.745,
				2.733,
				2.745,
				1,
				2.811,
				2.745,
				2.889,
				3.416,
				2.967,
				3.416
			]
		},
		{
			"Target": "Parameter",
			"Id": "Param43",
			"Segments": [
				0,
				0,
				1,
				0.033,
				0,
				0.067,
				0,
				0.1,
				0,
				1,
				0.111,
				0,
				0.122,
				0,
				0.133,
				0,
				1,
				0.144,
				0,
				0.156,
				0,
				0.167,
				0,
				1,
				0.178,
				0,
				0.189,
				0,
				0.2,
				0,
				1,
				0.233,
				0,
				0.267,
				0,
				0.3,
				0,
				1,
				0.311,
				0,
				0.322,
				0,
				0.333,
				0,
				1,
				0.411,
				0,
				0.489,
				0.312,
				0.567,
				0.312,
				1,
				0.689,
				0.312,
				0.811,
				-0.027,
				0.933,
				-0.027,
				1,
				1.033,
				-0.027,
				1.133,
				0.204,
				1.233,
				0.204,
				1,
				1.333,
				0.204,
				1.433,
				-0.036,
				1.533,
				-0.036,
				1,
				1.611,
				-0.036,
				1.689,
				0.207,
				1.767,
				0.207,
				1,
				1.878,
				0.207,
				1.989,
				-0.783,
				2.1,
				-0.783,
				1,
				2.222,
				-0.783,
				2.344,
				0.451,
				2.467,
				0.451,
				1,
				2.611,
				0.451,
				2.756,
				-0.791,
				2.9,
				-0.791,
				1,
				2.922,
				-0.791,
				2.944,
				-0.649,
				2.967,
				-0.649
			]
		},
		{
			"Target": "Parameter",
			"Id": "Param44",
			"Segments": [
				0,
				0,
				1,
				0.044,
				0,
				0.089,
				0.001,
				0.133,
				0.001,
				1,
				0.156,
				0.001,
				0.178,
				0.001,
				0.2,
				0.001,
				1,
				0.244,
				0.001,
				0.289,
				0,
				0.333,
				0,
				1,
				0.444,
				0,
				0.556,
				0.085,
				0.667,
				0.085,
				1,
				0.8,
				0.085,
				0.933,
				-0.26,
				1.067,
				-0.26,
				1,
				1.2,
				-0.26,
				1.333,
				0.071,
				1.467,
				0.071,
				1,
				1.533,
				0.071,
				1.6,
				0.019,
				1.667,
				0.019,
				1,
				1.744,
				0.019,
				1.822,
				0.117,
				1.9,
				0.117,
				1,
				2,
				0.117,
				2.1,
				-0.268,
				2.2,
				-0.268,
				1,
				2.333,
				-0.268,
				2.467,
				0.654,
				2.6,
				0.654,
				1,
				2.722,
				0.654,
				2.844,
				-0.691,
				2.967,
				-0.691
			]
		},
		{
			"Target": "Parameter",
			"Id": "Param45",
			"Segments": [
				0,
				3.491,
				1,
				0.111,
				3.491,
				0.222,
				3.491,
				0.333,
				3.491,
				1,
				0.478,
				3.491,
				0.622,
				2.519,
				0.767,
				2.519,
				1,
				1.044,
				2.519,
				1.322,
				3.802,
				1.6,
				3.802,
				1,
				1.689,
				3.802,
				1.778,
				3.472,
				1.867,
				3.472,
				1,
				1.989,
				3.472,
				2.111,
				5.21,
				2.233,
				5.21,
				1,
				2.4,
				5.21,
				2.567,
				2.745,
				2.733,
				2.745,
				1,
				2.811,
				2.745,
				2.889,
				3.416,
				2.967,
				3.416
			]
		},
		{
			"Target": "Parameter",
			"Id": "Param46",
			"Segments": [
				0,
				0,
				1,
				0.033,
				0,
				0.067,
				0,
				0.1,
				0,
				1,
				0.111,
				0,
				0.122,
				0,
				0.133,
				0,
				1,
				0.144,
				0,
				0.156,
				0,
				0.167,
				0,
				1,
				0.178,
				0,
				0.189,
				0,
				0.2,
				0,
				1,
				0.233,
				0,
				0.267,
				0,
				0.3,
				0,
				1,
				0.311,
				0,
				0.322,
				0,
				0.333,
				0,
				1,
				0.411,
				0,
				0.489,
				0.312,
				0.567,
				0.312,
				1,
				0.689,
				0.312,
				0.811,
				-0.027,
				0.933,
				-0.027,
				1,
				1.033,
				-0.027,
				1.133,
				0.204,
				1.233,
				0.204,
				1,
				1.333,
				0.204,
				1.433,
				-0.036,
				1.533,
				-0.036,
				1,
				1.611,
				-0.036,
				1.689,
				0.207,
				1.767,
				0.207,
				1,
				1.878,
				0.207,
				1.989,
				-0.783,
				2.1,
				-0.783,
				1,
				2.222,
				-0.783,
				2.344,
				0.451,
				2.467,
				0.451,
				1,
				2.611,
				0.451,
				2.756,
				-0.791,
				2.9,
				-0.791,
				1,
				2.922,
				-0.791,
				2.944,
				-0.649,
				2.967,
				-0.649
			]
		},
		{
			"Target": "Parameter",
			"Id": "Param49",
			"Segments": [
				0,
				0,
				1,
				0.989,
				0,
				1.978,
				0,
				2.967,
				0
			]
		},
		{
			"Target": "Parameter",
			"Id": "Param47",
			"Segments": [
				0,
				0,
				1,
				0.989,
				0,
				1.978,
				0,
				2.967,
				0
			]
		},
		{
			"Target": "Parameter",
			"Id": "Param48",
			"Segments": [
				0,
				0,
				1,
				0.989,
				0,
				1.978,
				0,
				2.967,
				0
			]
		},
		{
			"Target": "Parameter",
			"Id": "Param51",
			"Segments": [
				0,
				3.491,
				1,
				0.111,
				3.491,
				0.222,
				3.491,
				0.333,
				3.491,
				1,
				0.478,
				3.491,
				0.622,
				2.519,
				0.767,
				2.519,
				1,
				1.044,
				2.519,
				1.322,
				3.802,
				1.6,
				3.802,
				1,
				1.689,
				3.802,
				1.778,
				3.472,
				1.867,
				3.472,
				1,
				1.989,
				3.472,
				2.111,
				5.21,
				2.233,
				5.21,
				1,
				2.4,
				5.21,
				2.567,
				2.745,
				2.733,
				2.745,
				1,
				2.811,
				2.745,
				2.889,
				3.416,
				2.967,
				3.416
			]
		},
		{
			"Target": "Parameter",
			"Id": "Param52",
			"Segments": [
				0,
				0,
				1,
				0.033,
				0,
				0.067,
				0,
				0.1,
				0,
				1,
				0.111,
				0,
				0.122,
				0,
				0.133,
				0,
				1,
				0.144,
				0,
				0.156,
				0,
				0.167,
				0,
				1,
				0.178,
				0,
				0.189,
				0,
				0.2,
				0,
				1,
				0.233,
				0,
				0.267,
				0,
				0.3,
				0,
				1,
				0.311,
				0,
				0.322,
				0,
				0.333,
				0,
				1,
				0.411,
				0,
				0.489,
				0.356,
				0.567,
				0.356,
				1,
				0.689,
				0.356,
				0.811,
				-0.03,
				0.933,
				-0.03,
				1,
				1.033,
				-0.03,
				1.133,
				0.233,
				1.233,
				0.233,
				1,
				1.333,
				0.233,
				1.433,
				-0.042,
				1.533,
				-0.042,
				1,
				1.611,
				-0.042,
				1.689,
				0.236,
				1.767,
				0.236,
				1,
				1.878,
				0.236,
				1.989,
				-0.895,
				2.1,
				-0.895,
				1,
				2.222,
				-0.895,
				2.344,
				0.515,
				2.467,
				0.515,
				1,
				2.611,
				0.515,
				2.756,
				-0.904,
				2.9,
				-0.904,
				1,
				2.922,
				-0.904,
				2.944,
				-0.742,
				2.967,
				-0.742
			]
		},
		{
			"Target": "Parameter",
			"Id": "Param53",
			"Segments": [
				0,
				1.745,
				1,
				0.111,
				1.745,
				0.222,
				1.745,
				0.333,
				1.745,
				1,
				0.478,
				1.745,
				0.622,
				1.259,
				0.767,
				1.259,
				1,
				1.044,
				1.259,
				1.322,
				1.901,
				1.6,
				1.901,
				1,
				1.689,
				1.901,
				1.778,
				1.736,
				1.867,
				1.736,
				1,
				1.989,
				1.736,
				2.111,
				2.605,
				2.233,
				2.605,
				1,
				2.4,
				2.605,
				2.567,
				1.373,
				2.733,
				1.373,
				1,
				2.811,
				1.373,
				2.889,
				1.708,
				2.967,
				1.708
			]
		},
		{
			"Target": "Parameter",
			"Id": "Param54",
			"Segments": [
				0,
				0,
				1,
				0.044,
				0,
				0.089,
				0,
				0.133,
				0,
				1,
				0.144,
				0,
				0.156,
				0,
				0.167,
				0,
				1,
				0.222,
				0,
				0.278,
				0,
				0.333,
				0,
				1,
				0.411,
				0,
				0.489,
				0.178,
				0.567,
				0.178,
				1,
				0.689,
				0.178,
				0.811,
				-0.015,
				0.933,
				-0.015,
				1,
				1.033,
				-0.015,
				1.133,
				0.117,
				1.233,
				0.117,
				1,
				1.333,
				0.117,
				1.433,
				-0.021,
				1.533,
				-0.021,
				1,
				1.611,
				-0.021,
				1.689,
				0.118,
				1.767,
				0.118,
				1,
				1.878,
				0.118,
				1.989,
				-0.447,
				2.1,
				-0.447,
				1,
				2.222,
				-0.447,
				2.344,
				0.258,
				2.467,
				0.258,
				1,
				2.611,
				0.258,
				2.756,
				-0.452,
				2.9,
				-0.452,
				1,
				2.922,
				-0.452,
				2.944,
				-0.371,
				2.967,
				-0.371
			]
		},
		{
			"Target": "Parameter",
			"Id": "Param55",
			"Segments": [
				0,
				0,
				1,
				0.044,
				0,
				0.089,
				0.001,
				0.133,
				0.001,
				1,
				0.156,
				0.001,
				0.178,
				0.001,
				0.2,
				0.001,
				1,
				0.244,
				0.001,
				0.289,
				0,
				0.333,
				0,
				1,
				0.444,
				0,
				0.556,
				0.114,
				0.667,
				0.114,
				1,
				0.8,
				0.114,
				0.933,
				-0.347,
				1.067,
				-0.347,
				1,
				1.2,
				-0.347,
				1.333,
				0.095,
				1.467,
				0.095,
				1,
				1.533,
				0.095,
				1.6,
				0.025,
				1.667,
				0.025,
				1,
				1.744,
				0.025,
				1.822,
				0.156,
				1.9,
				0.156,
				1,
				2,
				0.156,
				2.1,
				-0.357,
				2.2,
				-0.357,
				1,
				2.333,
				-0.357,
				2.467,
				0.873,
				2.6,
				0.873,
				1,
				2.722,
				0.873,
				2.844,
				-0.921,
				2.967,
				-0.921
			]
		},
		{
			"Target": "Parameter",
			"Id": "Param56",
			"Segments": [
				0,
				0,
				1,
				0.044,
				0,
				0.089,
				0.001,
				0.133,
				0.001,
				1,
				0.156,
				0.001,
				0.178,
				0.001,
				0.2,
				0.001,
				1,
				0.244,
				0.001,
				0.289,
				0,
				0.333,
				0,
				1,
				0.444,
				0,
				0.556,
				0.114,
				0.667,
				0.114,
				1,
				0.8,
				0.114,
				0.933,
				-0.347,
				1.067,
				-0.347,
				1,
				1.2,
				-0.347,
				1.333,
				0.095,
				1.467,
				0.095,
				1,
				1.533,
				0.095,
				1.6,
				0.025,
				1.667,
				0.025,
				1,
				1.744,
				0.025,
				1.822,
				0.156,
				1.9,
				0.156,
				1,
				2,
				0.156,
				2.1,
				-0.357,
				2.2,
				-0.357,
				1,
				2.333,
				-0.357,
				2.467,
				0.873,
				2.6,
				0.873,
				1,
				2.722,
				0.873,
				2.844,
				-0.921,
				2.967,
				-0.921
			]
		},
		{
			"Target": "Parameter",
			"Id": "Param57",
			"Segments": [
				0,
				0,
				1,
				0.044,
				0,
				0.089,
				0.001,
				0.133,
				0.001,
				1,
				0.156,
				0.001,
				0.178,
				0.001,
				0.2,
				0.001,
				1,
				0.244,
				0.001,
				0.289,
				0,
				0.333,
				0,
				1,
				0.444,
				0,
				0.556,
				0.114,
				0.667,
				0.114,
				1,
				0.8,
				0.114,
				0.933,
				-0.347,
				1.067,
				-0.347,
				1,
				1.2,
				-0.347,
				1.333,
				0.095,
				1.467,
				0.095,
				1,
				1.533,
				0.095,
				1.6,
				0.025,
				1.667,
				0.025,
				1,
				1.744,
				0.025,
				1.822,
				0.156,
				1.9,
				0.156,
				1,
				2,
				0.156,
				2.1,
				-0.357,
				2.2,
				-0.357,
				1,
				2.333,
				-0.357,
				2.467,
				0.873,
				2.6,
				0.873,
				1,
				2.722,
				0.873,
				2.844,
				-0.921,
				2.967,
				-0.921
			]
		},
		{
			"Target": "Parameter",
			"Id": "Param58",
			"Segments": [
				0,
				0,
				1,
				0.044,
				0,
				0.089,
				0.001,
				0.133,
				0.001,
				1,
				0.156,
				0.001,
				0.178,
				0.001,
				0.2,
				0.001,
				1,
				0.244,
				0.001,
				0.289,
				0,
				0.333,
				0,
				1,
				0.444,
				0,
				0.556,
				0.114,
				0.667,
				0.114,
				1,
				0.8,
				0.114,
				0.933,
				-0.347,
				1.067,
				-0.347,
				1,
				1.2,
				-0.347,
				1.333,
				0.095,
				1.467,
				0.095,
				1,
				1.533,
				0.095,
				1.6,
				0.025,
				1.667,
				0.025,
				1,
				1.744,
				0.025,
				1.822,
				0.156,
				1.9,
				0.156,
				1,
				2,
				0.156,
				2.1,
				-0.357,
				2.2,
				-0.357,
				1,
				2.333,
				-0.357,
				2.467,
				0.873,
				2.6,
				0.873,
				1,
				2.722,
				0.873,
				2.844,
				-0.921,
				2.967,
				-0.921
			]
		},
		{
			"Target": "Parameter",
			"Id": "Param59",
			"Segments": [
				0,
				0,
				1,
				0.044,
				0,
				0.089,
				0.001,
				0.133,
				0.001,
				1,
				0.156,
				0.001,
				0.178,
				0.001,
				0.2,
				0.001,
				1,
				0.244,
				0.001,
				0.289,
				0,
				0.333,
				0,
				1,
				0.444,
				0,
				0.556,
				0.114,
				0.667,
				0.114,
				1,
				0.8,
				0.114,
				0.933,
				-0.347,
				1.067,
				-0.347,
				1,
				1.2,
				-0.347,
				1.333,
				0.095,
				1.467,
				0.095,
				1,
				1.533,
				0.095,
				1.6,
				0.025,
				1.667,
				0.025,
				1,
				1.744,
				0.025,
				1.822,
				0.156,
				1.9,
				0.156,
				1,
				2,
				0.156,
				2.1,
				-0.357,
				2.2,
				-0.357,
				1,
				2.333,
				-0.357,
				2.467,
				0.873,
				2.6,
				0.873,
				1,
				2.722,
				0.873,
				2.844,
				-0.921,
				2.967,
				-0.921
			]
		},
		{
			"Target": "Parameter",
			"Id": "Param60",
			"Segments": [
				0,
				0,
				1,
				0.044,
				0,
				0.089,
				0.001,
				0.133,
				0.001,
				1,
				0.156,
				0.001,
				0.178,
				0.001,
				0.2,
				0.001,
				1,
				0.244,
				0.001,
				0.289,
				0,
				0.333,
				0,
				1,
				0.444,
				0,
				0.556,
				0.114,
				0.667,
				0.114,
				1,
				0.8,
				0.114,
				0.933,
				-0.347,
				1.067,
				-0.347,
				1,
				1.2,
				-0.347,
				1.333,
				0.095,
				1.467,
				0.095,
				1,
				1.533,
				0.095,
				1.6,
				0.025,
				1.667,
				0.025,
				1,
				1.744,
				0.025,
				1.822,
				0.156,
				1.9,
				0.156,
				1,
				2,
				0.156,
				2.1,
				-0.357,
				2.2,
				-0.357,
				1,
				2.333,
				-0.357,
				2.467,
				0.873,
				2.6,
				0.873,
				1,
				2.722,
				0.873,
				2.844,
				-0.921,
				2.967,
				-0.921
			]
		},
		{
			"Target": "Parameter",
			"Id": "Param61",
			"Segments": [
				0,
				0,
				1,
				0.044,
				0,
				0.089,
				0.001,
				0.133,
				0.001,
				1,
				0.156,
				0.001,
				0.178,
				0.001,
				0.2,
				0.001,
				1,
				0.244,
				0.001,
				0.289,
				0,
				0.333,
				0,
				1,
				0.444,
				0,
				0.556,
				0.068,
				0.667,
				0.068,
				1,
				0.8,
				0.068,
				0.933,
				-0.208,
				1.067,
				-0.208,
				1,
				1.2,
				-0.208,
				1.333,
				0.057,
				1.467,
				0.057,
				1,
				1.533,
				0.057,
				1.6,
				0.015,
				1.667,
				0.015,
				1,
				1.744,
				0.015,
				1.822,
				0.094,
				1.9,
				0.094,
				1,
				2,
				0.094,
				2.1,
				-0.214,
				2.2,
				-0.214,
				1,
				2.333,
				-0.214,
				2.467,
				0.523,
				2.6,
				0.523,
				1,
				2.722,
				0.523,
				2.844,
				-0.553,
				2.967,
				-0.553
			]
		},
		{
			"Target": "Parameter",
			"Id": "Param62",
			"Segments": [
				0,
				0,
				1,
				0.044,
				0,
				0.089,
				0.001,
				0.133,
				0.001,
				1,
				0.156,
				0.001,
				0.178,
				0.001,
				0.2,
				0.001,
				1,
				0.244,
				0.001,
				0.289,
				0,
				0.333,
				0,
				1,
				0.444,
				0,
				0.556,
				0.068,
				0.667,
				0.068,
				1,
				0.8,
				0.068,
				0.933,
				-0.208,
				1.067,
				-0.208,
				1,
				1.2,
				-0.208,
				1.333,
				0.057,
				1.467,
				0.057,
				1,
				1.533,
				0.057,
				1.6,
				0.015,
				1.667,
				0.015,
				1,
				1.744,
				0.015,
				1.822,
				0.094,
				1.9,
				0.094,
				1,
				2,
				0.094,
				2.1,
				-0.214,
				2.2,
				-0.214,
				1,
				2.333,
				-0.214,
				2.467,
				0.523,
				2.6,
				0.523,
				1,
				2.722,
				0.523,
				2.844,
				-0.553,
				2.967,
				-0.553
			]
		},
		{
			"Target": "Parameter",
			"Id": "Param63",
			"Segments": [
				0,
				0,
				1,
				0.044,
				0,
				0.089,
				0.001,
				0.133,
				0.001,
				1,
				0.156,
				0.001,
				0.178,
				0.001,
				0.2,
				0.001,
				1,
				0.244,
				0.001,
				0.289,
				0,
				0.333,
				0,
				1,
				0.444,
				0,
				0.556,
				0.068,
				0.667,
				0.068,
				1,
				0.8,
				0.068,
				0.933,
				-0.208,
				1.067,
				-0.208,
				1,
				1.2,
				-0.208,
				1.333,
				0.057,
				1.467,
				0.057,
				1,
				1.533,
				0.057,
				1.6,
				0.015,
				1.667,
				0.015,
				1,
				1.744,
				0.015,
				1.822,
				0.094,
				1.9,
				0.094,
				1,
				2,
				0.094,
				2.1,
				-0.214,
				2.2,
				-0.214,
				1,
				2.333,
				-0.214,
				2.467,
				0.523,
				2.6,
				0.523,
				1,
				2.722,
				0.523,
				2.844,
				-0.553,
				2.967,
				-0.553
			]
		},
		{
			"Target": "Parameter",
			"Id": "Param64",
			"Segments": [
				0,
				0,
				1,
				0.044,
				0,
				0.089,
				0.002,
				0.133,
				0.002,
				1,
				0.156,
				0.002,
				0.178,
				0.002,
				0.2,
				0.002,
				1,
				0.244,
				0.002,
				0.289,
				0.001,
				0.333,
				0.001,
				1,
				0.444,
				0.001,
				0.556,
				0.171,
				0.667,
				0.171,
				1,
				0.8,
				0.171,
				0.933,
				-0.52,
				1.067,
				-0.52,
				1,
				1.2,
				-0.52,
				1.333,
				0.142,
				1.467,
				0.142,
				1,
				1.533,
				0.142,
				1.6,
				0.038,
				1.667,
				0.038,
				1,
				1.744,
				0.038,
				1.822,
				0.234,
				1.9,
				0.234,
				1,
				2,
				0.234,
				2.1,
				-0.535,
				2.2,
				-0.535,
				1,
				2.333,
				-0.535,
				2.467,
				1.309,
				2.6,
				1.309,
				1,
				2.722,
				1.309,
				2.844,
				-1.382,
				2.967,
				-1.382
			]
		},
		{
			"Target": "Parameter",
			"Id": "Param65",
			"Segments": [
				0,
				0,
				1,
				0.044,
				0,
				0.089,
				0.002,
				0.133,
				0.002,
				1,
				0.156,
				0.002,
				0.178,
				0.002,
				0.2,
				0.002,
				1,
				0.244,
				0.002,
				0.289,
				0.001,
				0.333,
				0.001,
				1,
				0.444,
				0.001,
				0.556,
				0.171,
				0.667,
				0.171,
				1,
				0.8,
				0.171,
				0.933,
				-0.52,
				1.067,
				-0.52,
				1,
				1.2,
				-0.52,
				1.333,
				0.142,
				1.467,
				0.142,
				1,
				1.533,
				0.142,
				1.6,
				0.038,
				1.667,
				0.038,
				1,
				1.744,
				0.038,
				1.822,
				0.234,
				1.9,
				0.234,
				1,
				2,
				0.234,
				2.1,
				-0.535,
				2.2,
				-0.535,
				1,
				2.333,
				-0.535,
				2.467,
				1.309,
				2.6,
				1.309,
				1,
				2.722,
				1.309,
				2.844,
				-1.382,
				2.967,
				-1.382
			]
		},
		{
			"Target": "Parameter",
			"Id": "Param74",
			"Segments": [
				0,
				0,
				1,
				0.133,
				0,
				0.267,
				1,
				0.4,
				1,
				1,
				0.878,
				1,
				1.356,
				1,
				1.833,
				1,
				1,
				1.944,
				1,
				2.056,
				0,
				2.167,
				0,
				0,
				2.967,
				0
			]
		},
		{
			"Target": "Parameter",
			"Id": "Param72",
			"Segments": [
				0,
				0,
				1,
				0.489,
				0,
				0.978,
				1,
				1.467,
				1,
				1,
				1.7,
				1,
				1.933,
				1,
				2.167,
				1,
				1,
				2.256,
				1,
				2.344,
				0,
				2.433,
				0,
				0,
				2.967,
				0
			]
		},
		{
			"Target": "Parameter",
			"Id": "Param68",
			"Segments": [
				0,
				0,
				1,
				0.556,
				0,
				1.111,
				0,
				1.667,
				0,
				1,
				1.711,
				0,
				1.756,
				0.062,
				1.8,
				0.062,
				1,
				1.811,
				0.062,
				1.822,
				0.062,
				1.833,
				0.062,
				1,
				1.933,
				0.062,
				2.033,
				0,
				2.133,
				0,
				1,
				2.144,
				0,
				2.156,
				0,
				2.167,
				0,
				1,
				2.211,
				0,
				2.256,
				1,
				2.3,
				1,
				1,
				2.422,
				1,
				2.544,
				1,
				2.667,
				1,
				1,
				2.711,
				1,
				2.756,
				0,
				2.8,
				0,
				1,
				2.856,
				0,
				2.911,
				0,
				2.967,
				0
			]
		},
		{
			"Target": "Parameter",
			"Id": "Param67",
			"Segments": [
				0,
				0,
				1,
				0.033,
				0,
				0.067,
				0,
				0.1,
				0,
				1,
				0.489,
				0,
				0.878,
				30,
				1.267,
				30,
				1,
				1.578,
				30,
				1.889,
				30,
				2.2,
				30,
				1,
				2.289,
				30,
				2.378,
				0,
				2.467,
				0,
				1,
				2.611,
				0,
				2.756,
				0,
				2.9,
				0,
				1,
				2.922,
				0,
				2.944,
				0.679,
				2.967,
				0.679
			]
		},
		{
			"Target": "Parameter",
			"Id": "Param73",
			"Segments": [
				0,
				0.007,
				1,
				0.156,
				0.007,
				0.311,
				-1.021,
				0.467,
				-1.021,
				1,
				0.822,
				-1.021,
				1.178,
				0.546,
				1.533,
				0.546,
				1,
				1.7,
				0.546,
				1.867,
				-0.265,
				2.033,
				-0.265,
				1,
				2.156,
				-0.265,
				2.278,
				6.51,
				2.4,
				6.51,
				1,
				2.533,
				6.51,
				2.667,
				-3.081,
				2.8,
				-3.081,
				1,
				2.856,
				-3.081,
				2.911,
				-1.849,
				2.967,
				-1.849
			]
		},
		{
			"Target": "Parameter",
			"Id": "Param69",
			"Segments": [
				0,
				0,
				1,
				0.111,
				0,
				0.222,
				0,
				0.333,
				0,
				1,
				0.611,
				0,
				0.889,
				-7.146,
				1.167,
				-7.146,
				1,
				1.6,
				-7.146,
				2.033,
				9.055,
				2.467,
				9.055,
				1,
				2.633,
				9.055,
				2.8,
				2.675,
				2.967,
				2.675
			]
		},
		{
			"Target": "Parameter",
			"Id": "Param70",
			"Segments": [
				0,
				0,
				1,
				0.022,
				0,
				0.044,
				0,
				0.067,
				0,
				1,
				0.078,
				0,
				0.089,
				0,
				0.1,
				0,
				1,
				0.178,
				0,
				0.256,
				0,
				0.333,
				0,
				1,
				0.611,
				0,
				0.889,
				-5.623,
				1.167,
				-5.623,
				1,
				1.6,
				-5.623,
				2.033,
				7.146,
				2.467,
				7.146,
				1,
				2.633,
				7.146,
				2.8,
				2.11,
				2.967,
				2.11
			]
		},
		{
			"Target": "Parameter",
			"Id": "Param79",
			"Segments": [
				0,
				0,
				1,
				0.989,
				0,
				1.978,
				0,
				2.967,
				0
			]
		},
		{
			"Target": "Parameter",
			"Id": "Param78",
			"Segments": [
				0,
				0,
				1,
				0.989,
				0,
				1.978,
				0,
				2.967,
				0
			]
		},
		{
			"Target": "Parameter",
			"Id": "Param80",
			"Segments": [
				0,
				0,
				1,
				0.044,
				0,
				0.089,
				0,
				0.133,
				0,
				1,
				0.144,
				0,
				0.156,
				0,
				0.167,
				0,
				1,
				0.178,
				0,
				0.189,
				0,
				0.2,
				0,
				1,
				0.211,
				0,
				0.222,
				0,
				0.233,
				0,
				1,
				0.244,
				0,
				0.256,
				0,
				0.267,
				0,
				1,
				0.3,
				0,
				0.333,
				0,
				0.367,
				0,
				1,
				0.378,
				0,
				0.389,
				0,
				0.4,
				0,
				1,
				0.422,
				0,
				0.444,
				0,
				0.467,
				0,
				1,
				0.478,
				0,
				0.489,
				0,
				0.5,
				0,
				1,
				0.511,
				0,
				0.522,
				0,
				0.533,
				0,
				1,
				0.544,
				0,
				0.556,
				0,
				0.567,
				0,
				1,
				0.578,
				0,
				0.589,
				0,
				0.6,
				0,
				1,
				0.611,
				0,
				0.622,
				0,
				0.633,
				0,
				1,
				0.744,
				0,
				0.856,
				0,
				0.967,
				0,
				1,
				0.978,
				0,
				0.989,
				0,
				1,
				0,
				1,
				1.056,
				0,
				1.111,
				0,
				1.167,
				0,
				1,
				1.178,
				0,
				1.189,
				0,
				1.2,
				0,
				1,
				1.244,
				0,
				1.289,
				0,
				1.333,
				0,
				1,
				1.344,
				0,
				1.356,
				0,
				1.367,
				0,
				1,
				1.9,
				0,
				2.433,
				0,
				2.967,
				0
			]
		},
		{
			"Target": "Parameter",
			"Id": "Param85",
			"Segments": [
				0,
				0,
				1,
				0.989,
				0,
				1.978,
				0,
				2.967,
				0
			]
		},
		{
			"Target": "Parameter",
			"Id": "Param86",
			"Segments": [
				0,
				0,
				1,
				0.989,
				0,
				1.978,
				0,
				2.967,
				0
			]
		},
		{
			"Target": "Parameter",
			"Id": "Param87",
			"Segments": [
				0,
				0,
				1,
				0.044,
				0,
				0.089,
				0,
				0.133,
				0,
				1,
				0.144,
				0,
				0.156,
				0,
				0.167,
				0,
				1,
				0.178,
				0,
				0.189,
				0,
				0.2,
				0,
				1,
				0.211,
				0,
				0.222,
				0,
				0.233,
				0,
				1,
				0.244,
				0,
				0.256,
				0,
				0.267,
				0,
				1,
				0.3,
				0,
				0.333,
				0,
				0.367,
				0,
				1,
				0.378,
				0,
				0.389,
				0,
				0.4,
				0,
				1,
				0.422,
				0,
				0.444,
				0,
				0.467,
				0,
				1,
				0.478,
				0,
				0.489,
				0,
				0.5,
				0,
				1,
				0.511,
				0,
				0.522,
				0,
				0.533,
				0,
				1,
				0.544,
				0,
				0.556,
				0,
				0.567,
				0,
				1,
				0.578,
				0,
				0.589,
				0,
				0.6,
				0,
				1,
				0.611,
				0,
				0.622,
				0,
				0.633,
				0,
				1,
				0.744,
				0,
				0.856,
				0,
				0.967,
				0,
				1,
				0.978,
				0,
				0.989,
				0,
				1,
				0,
				1,
				1.056,
				0,
				1.111,
				0,
				1.167,
				0,
				1,
				1.178,
				0,
				1.189,
				0,
				1.2,
				0,
				1,
				1.244,
				0,
				1.289,
				0,
				1.333,
				0,
				1,
				1.344,
				0,
				1.356,
				0,
				1.367,
				0,
				1,
				1.9,
				0,
				2.433,
				0,
				2.967,
				0
			]
		},
		{
			"Target": "Parameter",
			"Id": "Param81",
			"Segments": [
				0,
				0,
				1,
				0.111,
				0,
				0.222,
				0,
				0.333,
				0,
				1,
				0.611,
				0,
				0.889,
				-7.146,
				1.167,
				-7.146,
				1,
				1.6,
				-7.146,
				2.033,
				9.055,
				2.467,
				9.055,
				1,
				2.633,
				9.055,
				2.8,
				2.675,
				2.967,
				2.675
			]
		},
		{
			"Target": "Parameter",
			"Id": "Param82",
			"Segments": [
				0,
				0,
				1,
				0.022,
				0,
				0.044,
				0,
				0.067,
				0,
				1,
				0.078,
				0,
				0.089,
				0,
				0.1,
				0,
				1,
				0.178,
				0,
				0.256,
				0,
				0.333,
				0,
				1,
				0.611,
				0,
				0.889,
				-5.623,
				1.167,
				-5.623,
				1,
				1.6,
				-5.623,
				2.033,
				7.146,
				2.467,
				7.146,
				1,
				2.633,
				7.146,
				2.8,
				2.11,
				2.967,
				2.11
			]
		},
		{
			"Target": "Parameter",
			"Id": "Param126",
			"Segments": [
				0,
				0,
				1,
				0.1,
				0,
				0.2,
				0,
				0.3,
				0,
				1,
				0.422,
				0,
				0.544,
				0.8,
				0.667,
				0.8,
				1,
				1.067,
				0.8,
				1.467,
				0.8,
				1.867,
				0.8,
				1,
				2.022,
				0.8,
				2.178,
				0,
				2.333,
				0,
				0,
				2.967,
				0
			]
		},
		{
			"Target": "Parameter",
			"Id": "Param93",
			"Segments": [
				0,
				0,
				1,
				0.989,
				0,
				1.978,
				0,
				2.967,
				0
			]
		},
		{
			"Target": "Parameter",
			"Id": "Param94",
			"Segments": [
				0,
				0,
				1,
				0.044,
				0,
				0.089,
				0,
				0.133,
				0,
				1,
				0.144,
				0,
				0.156,
				0,
				0.167,
				0,
				1,
				0.178,
				0,
				0.189,
				0,
				0.2,
				0,
				1,
				0.211,
				0,
				0.222,
				0,
				0.233,
				0,
				1,
				0.244,
				0,
				0.256,
				0,
				0.267,
				0,
				1,
				0.3,
				0,
				0.333,
				0,
				0.367,
				0,
				1,
				0.378,
				0,
				0.389,
				0,
				0.4,
				0,
				1,
				0.422,
				0,
				0.444,
				0,
				0.467,
				0,
				1,
				0.478,
				0,
				0.489,
				0,
				0.5,
				0,
				1,
				0.511,
				0,
				0.522,
				0,
				0.533,
				0,
				1,
				0.544,
				0,
				0.556,
				0,
				0.567,
				0,
				1,
				0.578,
				0,
				0.589,
				0,
				0.6,
				0,
				1,
				0.611,
				0,
				0.622,
				0,
				0.633,
				0,
				1,
				0.744,
				0,
				0.856,
				0,
				0.967,
				0,
				1,
				0.978,
				0,
				0.989,
				0,
				1,
				0,
				1,
				1.056,
				0,
				1.111,
				0,
				1.167,
				0,
				1,
				1.178,
				0,
				1.189,
				0,
				1.2,
				0,
				1,
				1.244,
				0,
				1.289,
				0,
				1.333,
				0,
				1,
				1.344,
				0,
				1.356,
				0,
				1.367,
				0,
				1,
				1.9,
				0,
				2.433,
				0,
				2.967,
				0
			]
		},
		{
			"Target": "Parameter",
			"Id": "Param95",
			"Segments": [
				0,
				0,
				1,
				0.989,
				0,
				1.978,
				0,
				2.967,
				0
			]
		},
		{
			"Target": "Parameter",
			"Id": "Param96",
			"Segments": [
				0,
				0,
				1,
				0.989,
				0,
				1.978,
				0,
				2.967,
				0
			]
		},
		{
			"Target": "Parameter",
			"Id": "Param97",
			"Segments": [
				0,
				0,
				1,
				0.044,
				0,
				0.089,
				0,
				0.133,
				0,
				1,
				0.144,
				0,
				0.156,
				0,
				0.167,
				0,
				1,
				0.178,
				0,
				0.189,
				0,
				0.2,
				0,
				1,
				0.211,
				0,
				0.222,
				0,
				0.233,
				0,
				1,
				0.244,
				0,
				0.256,
				0,
				0.267,
				0,
				1,
				0.3,
				0,
				0.333,
				0,
				0.367,
				0,
				1,
				0.378,
				0,
				0.389,
				0,
				0.4,
				0,
				1,
				0.422,
				0,
				0.444,
				0,
				0.467,
				0,
				1,
				0.478,
				0,
				0.489,
				0,
				0.5,
				0,
				1,
				0.511,
				0,
				0.522,
				0,
				0.533,
				0,
				1,
				0.544,
				0,
				0.556,
				0,
				0.567,
				0,
				1,
				0.578,
				0,
				0.589,
				0,
				0.6,
				0,
				1,
				0.611,
				0,
				0.622,
				0,
				0.633,
				0,
				1,
				0.744,
				0,
				0.856,
				0,
				0.967,
				0,
				1,
				0.978,
				0,
				0.989,
				0,
				1,
				0,
				1,
				1.056,
				0,
				1.111,
				0,
				1.167,
				0,
				1,
				1.178,
				0,
				1.189,
				0,
				1.2,
				0,
				1,
				1.244,
				0,
				1.289,
				0,
				1.333,
				0,
				1,
				1.344,
				0,
				1.356,
				0,
				1.367,
				0,
				1,
				1.9,
				0,
				2.433,
				0,
				2.967,
				0
			]
		},
		{
			"Target": "Parameter",
			"Id": "Param98",
			"Segments": [
				0,
				0,
				1,
				0.989,
				0,
				1.978,
				0,
				2.967,
				0
			]
		},
		{
			"Target": "Parameter",
			"Id": "Param99",
			"Segments": [
				0,
				0,
				1,
				0.989,
				0,
				1.978,
				0,
				2.967,
				0
			]
		},
		{
			"Target": "Parameter",
			"Id": "Param100",
			"Segments": [
				0,
				0,
				1,
				0.044,
				0,
				0.089,
				0,
				0.133,
				0,
				1,
				0.144,
				0,
				0.156,
				0,
				0.167,
				0,
				1,
				0.178,
				0,
				0.189,
				0,
				0.2,
				0,
				1,
				0.211,
				0,
				0.222,
				0,
				0.233,
				0,
				1,
				0.244,
				0,
				0.256,
				0,
				0.267,
				0,
				1,
				0.3,
				0,
				0.333,
				0,
				0.367,
				0,
				1,
				0.378,
				0,
				0.389,
				0,
				0.4,
				0,
				1,
				0.422,
				0,
				0.444,
				0,
				0.467,
				0,
				1,
				0.478,
				0,
				0.489,
				0,
				0.5,
				0,
				1,
				0.511,
				0,
				0.522,
				0,
				0.533,
				0,
				1,
				0.544,
				0,
				0.556,
				0,
				0.567,
				0,
				1,
				0.578,
				0,
				0.589,
				0,
				0.6,
				0,
				1,
				0.611,
				0,
				0.622,
				0,
				0.633,
				0,
				1,
				0.744,
				0,
				0.856,
				0,
				0.967,
				0,
				1,
				0.978,
				0,
				0.989,
				0,
				1,
				0,
				1,
				1.056,
				0,
				1.111,
				0,
				1.167,
				0,
				1,
				1.178,
				0,
				1.189,
				0,
				1.2,
				0,
				1,
				1.244,
				0,
				1.289,
				0,
				1.333,
				0,
				1,
				1.344,
				0,
				1.356,
				0,
				1.367,
				0,
				1,
				1.9,
				0,
				2.433,
				0,
				2.967,
				0
			]
		},
		{
			"Target": "Parameter",
			"Id": "Param102",
			"Segments": [
				0,
				0,
				1,
				0.111,
				0,
				0.222,
				0,
				0.333,
				0,
				1,
				0.611,
				0,
				0.889,
				-7.146,
				1.167,
				-7.146,
				1,
				1.6,
				-7.146,
				2.033,
				9.055,
				2.467,
				9.055,
				1,
				2.633,
				9.055,
				2.8,
				2.675,
				2.967,
				2.675
			]
		},
		{
			"Target": "Parameter",
			"Id": "Param103",
			"Segments": [
				0,
				0,
				1,
				0.022,
				0,
				0.044,
				0,
				0.067,
				0,
				1,
				0.078,
				0,
				0.089,
				0,
				0.1,
				0,
				1,
				0.178,
				0,
				0.256,
				0,
				0.333,
				0,
				1,
				0.611,
				0,
				0.889,
				-5.623,
				1.167,
				-5.623,
				1,
				1.6,
				-5.623,
				2.033,
				7.146,
				2.467,
				7.146,
				1,
				2.633,
				7.146,
				2.8,
				2.11,
				2.967,
				2.11
			]
		},
		{
			"Target": "Parameter",
			"Id": "Param106",
			"Segments": [
				0,
				0,
				1,
				0.989,
				0,
				1.978,
				0,
				2.967,
				0
			]
		},
		{
			"Target": "Parameter",
			"Id": "Param107",
			"Segments": [
				0,
				0,
				1,
				0.989,
				0,
				1.978,
				0,
				2.967,
				0
			]
		},
		{
			"Target": "Parameter",
			"Id": "Param108",
			"Segments": [
				0,
				0,
				1,
				0.044,
				0,
				0.089,
				0,
				0.133,
				0,
				1,
				0.144,
				0,
				0.156,
				0,
				0.167,
				0,
				1,
				0.178,
				0,
				0.189,
				0,
				0.2,
				0,
				1,
				0.211,
				0,
				0.222,
				0,
				0.233,
				0,
				1,
				0.244,
				0,
				0.256,
				0,
				0.267,
				0,
				1,
				0.3,
				0,
				0.333,
				0,
				0.367,
				0,
				1,
				0.378,
				0,
				0.389,
				0,
				0.4,
				0,
				1,
				0.422,
				0,
				0.444,
				0,
				0.467,
				0,
				1,
				0.478,
				0,
				0.489,
				0,
				0.5,
				0,
				1,
				0.511,
				0,
				0.522,
				0,
				0.533,
				0,
				1,
				0.544,
				0,
				0.556,
				0,
				0.567,
				0,
				1,
				0.578,
				0,
				0.589,
				0,
				0.6,
				0,
				1,
				0.611,
				0,
				0.622,
				0,
				0.633,
				0,
				1,
				0.744,
				0,
				0.856,
				0,
				0.967,
				0,
				1,
				0.978,
				0,
				0.989,
				0,
				1,
				0,
				1,
				1.056,
				0,
				1.111,
				0,
				1.167,
				0,
				1,
				1.178,
				0,
				1.189,
				0,
				1.2,
				0,
				1,
				1.244,
				0,
				1.289,
				0,
				1.333,
				0,
				1,
				1.344,
				0,
				1.356,
				0,
				1.367,
				0,
				1,
				1.9,
				0,
				2.433,
				0,
				2.967,
				0
			]
		},
		{
			"Target": "Parameter",
			"Id": "Param109",
			"Segments": [
				0,
				0,
				1,
				0.111,
				0,
				0.222,
				0,
				0.333,
				0,
				1,
				0.611,
				0,
				0.889,
				-7.146,
				1.167,
				-7.146,
				1,
				1.6,
				-7.146,
				2.033,
				9.055,
				2.467,
				9.055,
				1,
				2.633,
				9.055,
				2.8,
				2.675,
				2.967,
				2.675
			]
		},
		{
			"Target": "Parameter",
			"Id": "Param110",
			"Segments": [
				0,
				0,
				1,
				0.022,
				0,
				0.044,
				0,
				0.067,
				0,
				1,
				0.078,
				0,
				0.089,
				0,
				0.1,
				0,
				1,
				0.178,
				0,
				0.256,
				0,
				0.333,
				0,
				1,
				0.611,
				0,
				0.889,
				-5.623,
				1.167,
				-5.623,
				1,
				1.6,
				-5.623,
				2.033,
				7.146,
				2.467,
				7.146,
				1,
				2.633,
				7.146,
				2.8,
				2.11,
				2.967,
				2.11
			]
		},
		{
			"Target": "Parameter",
			"Id": "Param113",
			"Segments": [
				0,
				0,
				1,
				0.044,
				0,
				0.089,
				0,
				0.133,
				0,
				1,
				0.144,
				0,
				0.156,
				0,
				0.167,
				0,
				1,
				0.178,
				0,
				0.189,
				0,
				0.2,
				0,
				1,
				0.211,
				0,
				0.222,
				0,
				0.233,
				0,
				1,
				0.244,
				0,
				0.256,
				0,
				0.267,
				0,
				1,
				0.3,
				0,
				0.333,
				0,
				0.367,
				0,
				1,
				0.378,
				0,
				0.389,
				0,
				0.4,
				0,
				1,
				0.422,
				0,
				0.444,
				0,
				0.467,
				0,
				1,
				0.478,
				0,
				0.489,
				0,
				0.5,
				0,
				1,
				0.511,
				0,
				0.522,
				0,
				0.533,
				0,
				1,
				0.544,
				0,
				0.556,
				0,
				0.567,
				0,
				1,
				0.578,
				0,
				0.589,
				0,
				0.6,
				0,
				1,
				0.611,
				0,
				0.622,
				0,
				0.633,
				0,
				1,
				0.744,
				0,
				0.856,
				0,
				0.967,
				0,
				1,
				0.978,
				0,
				0.989,
				0,
				1,
				0,
				1,
				1.056,
				0,
				1.111,
				0,
				1.167,
				0,
				1,
				1.178,
				0,
				1.189,
				0,
				1.2,
				0,
				1,
				1.244,
				0,
				1.289,
				0,
				1.333,
				0,
				1,
				1.344,
				0,
				1.356,
				0,
				1.367,
				0,
				1,
				1.9,
				0,
				2.433,
				0,
				2.967,
				0
			]
		},
		{
			"Target": "Parameter",
			"Id": "Param114",
			"Segments": [
				0,
				0,
				1,
				0.044,
				0,
				0.089,
				0,
				0.133,
				0,
				1,
				0.144,
				0,
				0.156,
				0,
				0.167,
				0,
				1,
				0.178,
				0,
				0.189,
				0,
				0.2,
				0,
				1,
				0.211,
				0,
				0.222,
				0,
				0.233,
				0,
				1,
				0.244,
				0,
				0.256,
				0,
				0.267,
				0,
				1,
				0.3,
				0,
				0.333,
				0,
				0.367,
				0,
				1,
				0.378,
				0,
				0.389,
				0,
				0.4,
				0,
				1,
				0.422,
				0,
				0.444,
				0,
				0.467,
				0,
				1,
				0.478,
				0,
				0.489,
				0,
				0.5,
				0,
				1,
				0.511,
				0,
				0.522,
				0,
				0.533,
				0,
				1,
				0.544,
				0,
				0.556,
				0,
				0.567,
				0,
				1,
				0.578,
				0,
				0.589,
				0,
				0.6,
				0,
				1,
				0.611,
				0,
				0.622,
				0,
				0.633,
				0,
				1,
				0.744,
				0,
				0.856,
				0,
				0.967,
				0,
				1,
				0.978,
				0,
				0.989,
				0,
				1,
				0,
				1,
				1.056,
				0,
				1.111,
				0,
				1.167,
				0,
				1,
				1.178,
				0,
				1.189,
				0,
				1.2,
				0,
				1,
				1.244,
				0,
				1.289,
				0,
				1.333,
				0,
				1,
				1.344,
				0,
				1.356,
				0,
				1.367,
				0,
				1,
				1.9,
				0,
				2.433,
				0,
				2.967,
				0
			]
		},
		{
			"Target": "Parameter",
			"Id": "Param116",
			"Segments": [
				0,
				1.309,
				1,
				0.111,
				1.309,
				0.222,
				1.309,
				0.333,
				1.309,
				1,
				0.478,
				1.309,
				0.622,
				0.945,
				0.767,
				0.945,
				1,
				1.044,
				0.945,
				1.322,
				1.426,
				1.6,
				1.426,
				1,
				1.689,
				1.426,
				1.778,
				1.302,
				1.867,
				1.302,
				1,
				1.989,
				1.302,
				2.111,
				1.954,
				2.233,
				1.954,
				1,
				2.4,
				1.954,
				2.567,
				1.03,
				2.733,
				1.03,
				1,
				2.811,
				1.03,
				2.889,
				1.281,
				2.967,
				1.281
			]
		},
		{
			"Target": "Parameter",
			"Id": "Param117",
			"Segments": [
				0,
				0,
				1,
				0.044,
				0,
				0.089,
				0,
				0.133,
				0,
				1,
				0.144,
				0,
				0.156,
				0,
				0.167,
				0,
				1,
				0.222,
				0,
				0.278,
				0,
				0.333,
				0,
				1,
				0.411,
				0,
				0.489,
				0.134,
				0.567,
				0.134,
				1,
				0.689,
				0.134,
				0.811,
				-0.011,
				0.933,
				-0.011,
				1,
				1.033,
				-0.011,
				1.133,
				0.087,
				1.233,
				0.087,
				1,
				1.333,
				0.087,
				1.433,
				-0.016,
				1.533,
				-0.016,
				1,
				1.611,
				-0.016,
				1.689,
				0.089,
				1.767,
				0.089,
				1,
				1.878,
				0.089,
				1.989,
				-0.336,
				2.1,
				-0.336,
				1,
				2.222,
				-0.336,
				2.344,
				0.193,
				2.467,
				0.193,
				1,
				2.611,
				0.193,
				2.756,
				-0.339,
				2.9,
				-0.339,
				1,
				2.922,
				-0.339,
				2.944,
				-0.278,
				2.967,
				-0.278
			]
		},
		{
			"Target": "Parameter",
			"Id": "Param120",
			"Segments": [
				0,
				2.618,
				1,
				0.111,
				2.618,
				0.222,
				2.618,
				0.333,
				2.618,
				1,
				0.478,
				2.618,
				0.622,
				1.889,
				0.767,
				1.889,
				1,
				1.044,
				1.889,
				1.322,
				2.851,
				1.6,
				2.851,
				1,
				1.689,
				2.851,
				1.778,
				2.604,
				1.867,
				2.604,
				1,
				1.989,
				2.604,
				2.111,
				3.907,
				2.233,
				3.907,
				1,
				2.4,
				3.907,
				2.567,
				2.059,
				2.733,
				2.059,
				1,
				2.811,
				2.059,
				2.889,
				2.562,
				2.967,
				2.562
			]
		},
		{
			"Target": "Parameter",
			"Id": "Param121",
			"Segments": [
				0,
				0,
				1,
				0.022,
				0,
				0.044,
				0,
				0.067,
				0,
				1,
				0.078,
				0,
				0.089,
				0,
				0.1,
				0,
				1,
				0.122,
				0,
				0.144,
				0,
				0.167,
				0,
				1,
				0.178,
				0,
				0.189,
				0,
				0.2,
				0,
				1,
				0.244,
				0,
				0.289,
				0,
				0.333,
				0,
				1,
				0.411,
				0,
				0.489,
				0.267,
				0.567,
				0.267,
				1,
				0.689,
				0.267,
				0.811,
				-0.023,
				0.933,
				-0.023,
				1,
				1.033,
				-0.023,
				1.133,
				0.175,
				1.233,
				0.175,
				1,
				1.333,
				0.175,
				1.433,
				-0.031,
				1.533,
				-0.031,
				1,
				1.611,
				-0.031,
				1.689,
				0.177,
				1.767,
				0.177,
				1,
				1.878,
				0.177,
				1.989,
				-0.671,
				2.1,
				-0.671,
				1,
				2.222,
				-0.671,
				2.344,
				0.387,
				2.467,
				0.387,
				1,
				2.611,
				0.387,
				2.756,
				-0.678,
				2.9,
				-0.678,
				1,
				2.922,
				-0.678,
				2.944,
				-0.557,
				2.967,
				-0.557
			]
		},
		{
			"Target": "Parameter",
			"Id": "Param128",
			"Segments": [
				0,
				0,
				1,
				0.167,
				0,
				0.333,
				0,
				0.5,
				0,
				1,
				0.611,
				0,
				0.722,
				0.053,
				0.833,
				0.1,
				1,
				1.178,
				0.246,
				1.522,
				0.3,
				1.867,
				0.3,
				1,
				2.078,
				0.3,
				2.289,
				0,
				2.5,
				0,
				0,
				2.967,
				0
			]
		},
		{
			"Target": "Parameter",
			"Id": "Param127",
			"Segments": [
				0,
				-24.19,
				1,
				0.989,
				-24.19,
				1.978,
				-24.19,
				2.967,
				-24.19
			]
		},
		{
			"Target": "Parameter",
			"Id": "Param129",
			"Segments": [
				0,
				0,
				0,
				2.967,
				0
			]
		},
		{
			"Target": "Parameter",
			"Id": "ParamMouthOpenY",
			"Segments": [
				0,
				0,
				1,
				0.178,
				0,
				0.356,
				0,
				0.533,
				0,
				1,
				0.667,
				0,
				0.8,
				0.256,
				0.933,
				0.3,
				1,
				1.211,
				0.392,
				1.489,
				0.4,
				1.767,
				0.4,
				1,
				1.911,
				0.4,
				2.056,
				0,
				2.2,
				0,
				0,
				2.967,
				0
			]
		},
		{
			"Target": "Parameter",
			"Id": "Param11",
			"Segments": [
				0,
				0,
				1,
				0.178,
				0,
				0.356,
				1,
				0.533,
				1,
				1,
				0.967,
				1,
				1.4,
				1,
				1.833,
				1,
				1,
				1.956,
				1,
				2.078,
				0,
				2.2,
				0,
				0,
				2.967,
				0
			]
		},
		{
			"Target": "Parameter",
			"Id": "Param_Angle_Rotation_1_ArtMesh235",
			"Segments": [
				0,
				-12.957,
				1,
				0.989,
				-12.957,
				1.978,
				-12.957,
				2.967,
				-12.957
			]
		},
		{
			"Target": "Parameter",
			"Id": "Param_Angle_Rotation_2_ArtMesh235",
			"Segments": [
				0,
				-0.372,
				1,
				0.233,
				-0.372,
				0.467,
				0.173,
				0.7,
				0.173,
				1,
				0.967,
				0.173,
				1.233,
				-0.075,
				1.5,
				-0.075,
				1,
				1.767,
				-0.075,
				2.033,
				0.033,
				2.3,
				0.033,
				1,
				2.522,
				0.033,
				2.744,
				-0.012,
				2.967,
				-0.012
			]
		},
		{
			"Target": "Parameter",
			"Id": "Param_Angle_Rotation_3_ArtMesh235",
			"Segments": [
				0,
				-0.51,
				1,
				0.1,
				-0.51,
				0.2,
				-2.984,
				0.3,
				-2.984,
				1,
				0.567,
				-2.984,
				0.833,
				1.493,
				1.1,
				1.493,
				1,
				1.367,
				1.493,
				1.633,
				-0.735,
				1.9,
				-0.735,
				1,
				2.167,
				-0.735,
				2.433,
				0.357,
				2.7,
				0.357,
				1,
				2.789,
				0.357,
				2.878,
				0.197,
				2.967,
				0.197
			]
		},
		{
			"Target": "Parameter",
			"Id": "Param_Angle_Rotation_4_ArtMesh235",
			"Segments": [
				0,
				19.908,
				1,
				0.233,
				19.908,
				0.467,
				-12.362,
				0.7,
				-12.362,
				1,
				0.967,
				-12.362,
				1.233,
				7.031,
				1.5,
				7.031,
				1,
				1.767,
				7.031,
				2.033,
				-3.876,
				2.3,
				-3.876,
				1,
				2.522,
				-3.876,
				2.744,
				1.827,
				2.967,
				1.827
			]
		},
		{
			"Target": "Parameter",
			"Id": "Param_Angle_Rotation_5_ArtMesh235",
			"Segments": [
				0,
				10.932,
				1,
				0.067,
				10.932,
				0.133,
				45,
				0.2,
				45,
				1,
				0.278,
				45,
				0.356,
				45,
				0.433,
				45,
				1,
				0.656,
				45,
				0.878,
				-35.159,
				1.1,
				-35.159,
				1,
				1.367,
				-35.159,
				1.633,
				22.768,
				1.9,
				22.768,
				1,
				2.167,
				22.768,
				2.433,
				-14.105,
				2.7,
				-14.105,
				1,
				2.789,
				-14.105,
				2.878,
				-6.856,
				2.967,
				-6.856
			]
		},
		{
			"Target": "Parameter",
			"Id": "Param_Angle_Rotation_6_ArtMesh235",
			"Segments": [
				0,
				-45,
				1,
				0.067,
				-45,
				0.133,
				-45,
				0.2,
				-45,
				1,
				0.289,
				-45,
				0.378,
				45,
				0.467,
				45,
				1,
				0.633,
				45,
				0.8,
				45,
				0.967,
				45,
				1,
				1.078,
				45,
				1.189,
				-45,
				1.3,
				-45,
				1,
				1.444,
				-45,
				1.589,
				-45,
				1.733,
				-45,
				1,
				1.878,
				-45,
				2.022,
				45,
				2.167,
				45,
				1,
				2.256,
				45,
				2.344,
				45,
				2.433,
				45,
				1,
				2.611,
				45,
				2.789,
				-33.814,
				2.967,
				-33.814
			]
		},
		{
			"Target": "Parameter",
			"Id": "Param_Angle_Rotation_7_ArtMesh235",
			"Segments": [
				0,
				-45,
				1,
				0.2,
				-45,
				0.4,
				-45,
				0.6,
				-45,
				1,
				0.667,
				-45,
				0.733,
				45,
				0.8,
				45,
				1,
				1,
				45,
				1.2,
				45,
				1.4,
				45,
				1,
				1.467,
				45,
				1.533,
				-45,
				1.6,
				-45,
				1,
				1.789,
				-45,
				1.978,
				-45,
				2.167,
				-45,
				1,
				2.256,
				-45,
				2.344,
				45,
				2.433,
				45,
				1,
				2.6,
				45,
				2.767,
				45,
				2.933,
				45,
				1,
				2.944,
				45,
				2.956,
				44.164,
				2.967,
				44.164
			]
		},
		{
			"Target": "Parameter",
			"Id": "Param_Angle_Rotation_8_ArtMesh235",
			"Segments": [
				0,
				-45,
				1,
				0.067,
				-45,
				0.133,
				-45,
				0.2,
				-45,
				1,
				0.211,
				-45,
				0.222,
				45,
				0.233,
				45,
				1,
				0.322,
				45,
				0.411,
				45,
				0.5,
				45,
				1,
				0.544,
				45,
				0.589,
				-45,
				0.633,
				-45,
				1,
				0.778,
				-45,
				0.922,
				-45,
				1.067,
				-45,
				1,
				1.133,
				-45,
				1.2,
				45,
				1.267,
				45,
				1,
				1.4,
				45,
				1.533,
				45,
				1.667,
				45,
				1,
				1.744,
				45,
				1.822,
				-45,
				1.9,
				-45,
				1,
				2.111,
				-45,
				2.322,
				-45,
				2.533,
				-45,
				1,
				2.6,
				-45,
				2.667,
				45,
				2.733,
				45,
				1,
				2.811,
				45,
				2.889,
				45,
				2.967,
				45
			]
		},
		{
			"Target": "Parameter",
			"Id": "Param_Angle_Rotation_9_ArtMesh235",
			"Segments": [
				0,
				-45,
				1,
				0.156,
				-45,
				0.311,
				-45,
				0.467,
				-45,
				1,
				0.544,
				-45,
				0.622,
				43.759,
				0.7,
				43.759,
				1,
				0.833,
				43.759,
				0.967,
				-45,
				1.1,
				-45,
				1,
				1.156,
				-45,
				1.211,
				-45,
				1.267,
				-45,
				1,
				1.344,
				-45,
				1.422,
				45,
				1.5,
				45,
				1,
				1.633,
				45,
				1.767,
				45,
				1.9,
				45,
				1,
				1.978,
				45,
				2.056,
				-45,
				2.133,
				-45,
				1,
				2.4,
				-45,
				2.667,
				-45,
				2.933,
				-45,
				1,
				2.944,
				-45,
				2.956,
				-27.321,
				2.967,
				-27.321
			]
		},
		{
			"Target": "Parameter",
			"Id": "Param_Angle_Rotation_10_ArtMesh235",
			"Segments": [
				0,
				-11.613,
				1,
				0.1,
				-11.613,
				0.2,
				45,
				0.3,
				45,
				1,
				0.389,
				45,
				0.478,
				45,
				0.567,
				45,
				1,
				0.7,
				45,
				0.833,
				-45,
				0.967,
				-45,
				1,
				1.122,
				-45,
				1.278,
				-45,
				1.433,
				-45,
				1,
				1.5,
				-45,
				1.567,
				45,
				1.633,
				45,
				1,
				1.778,
				45,
				1.922,
				45,
				2.067,
				45,
				1,
				2.167,
				45,
				2.267,
				-45,
				2.367,
				-45,
				1,
				2.444,
				-45,
				2.522,
				-45,
				2.6,
				-45,
				1,
				2.611,
				-45,
				2.622,
				45,
				2.633,
				45,
				1,
				2.689,
				45,
				2.744,
				45,
				2.8,
				45,
				1,
				2.833,
				45,
				2.867,
				-45,
				2.9,
				-45,
				1,
				2.922,
				-45,
				2.944,
				-45,
				2.967,
				-45
			]
		},
		{
			"Target": "Parameter",
			"Id": "Param_Angle_Rotation_11_ArtMesh235",
			"Segments": [
				0,
				-29.777,
				1,
				0.211,
				-29.777,
				0.422,
				45,
				0.633,
				45,
				1,
				0.678,
				45,
				0.722,
				45,
				0.767,
				45,
				1,
				0.944,
				45,
				1.122,
				-45,
				1.3,
				-45,
				1,
				1.4,
				-45,
				1.5,
				-45,
				1.6,
				-45,
				1,
				1.667,
				-45,
				1.733,
				45,
				1.8,
				45,
				1,
				1.933,
				45,
				2.067,
				45,
				2.2,
				45,
				1,
				2.267,
				45,
				2.333,
				7.833,
				2.4,
				7.833,
				1,
				2.522,
				7.833,
				2.644,
				45,
				2.767,
				45,
				1,
				2.8,
				45,
				2.833,
				45,
				2.867,
				45,
				1,
				2.9,
				45,
				2.933,
				4.31,
				2.967,
				4.31
			]
		}
	]
}