{
	"Version": 3,
	"Meta": {
		"Duration": 2.533,
		"Fps": 30.0,
		"Loop": true,
		"AreBeziersRestricted": false,
		"CurveCount": 114,
		"TotalSegmentCount": 749,
		"TotalPointCount": 2347,
		"UserDataCount": 0,
		"TotalUserDataSize": 0
	},
	"Curves": [
		{
			"Target": "Parameter",
			"Id": "Param133",
			"Segments": [
				0,
				1,
				0,
				2.533,
				1
			]
		},
		{
			"Target": "Parameter",
			"Id": "Param",
			"Segments": [
				0,
				0,
				0,
				2.533,
				0
			]
		},
		{
			"Target": "Parameter",
			"Id": "ParamBrowLForm",
			"Segments": [
				0,
				0,
				1,
				0.167,
				0,
				0.333,
				-1,
				0.5,
				-1,
				1,
				0.967,
				-1,
				1.433,
				-1,
				1.9,
				-1,
				1,
				2.089,
				-1,
				2.278,
				0,
				2.467,
				0,
				0,
				2.533,
				0
			]
		},
		{
			"Target": "Parameter",
			"Id": "ParamBrowRForm",
			"Segments": [
				0,
				0,
				1,
				0.111,
				0,
				0.222,
				0,
				0.333,
				0,
				1,
				0.444,
				0,
				0.556,
				1,
				0.667,
				1,
				1,
				1.078,
				1,
				1.489,
				1,
				1.9,
				1,
				1,
				2.089,
				1,
				2.278,
				0,
				2.467,
				0,
				0,
				2.533,
				0
			]
		},
		{
			"Target": "Parameter",
			"Id": "Param3",
			"Segments": [
				0,
				0,
				1,
				0.844,
				0,
				1.689,
				0,
				2.533,
				0
			]
		},
		{
			"Target": "Parameter",
			"Id": "Param4",
			"Segments": [
				0,
				0,
				1,
				0.067,
				0,
				0.133,
				0.108,
				0.2,
				0.108,
				1,
				0.311,
				0.108,
				0.422,
				-0.024,
				0.533,
				-0.024,
				1,
				0.589,
				-0.024,
				0.644,
				0.003,
				0.7,
				0.003,
				1,
				0.744,
				0.003,
				0.789,
				0,
				0.833,
				0,
				1,
				0.856,
				0,
				0.878,
				0,
				0.9,
				0,
				1,
				0.922,
				0,
				0.944,
				0,
				0.967,
				0,
				1,
				1.278,
				0,
				1.589,
				0,
				1.9,
				0,
				1,
				1.978,
				0,
				2.056,
				-0.092,
				2.133,
				-0.092,
				1,
				2.256,
				-0.092,
				2.378,
				0.019,
				2.5,
				0.019,
				1,
				2.511,
				0.019,
				2.522,
				0.016,
				2.533,
				0.016
			]
		},
		{
			"Target": "Parameter",
			"Id": "ParamEyeBallX",
			"Segments": [
				0,
				0,
				1,
				0.167,
				0,
				0.333,
				0.4,
				0.5,
				0.4,
				1,
				0.967,
				0.4,
				1.433,
				0.4,
				1.9,
				0.4,
				1,
				2.089,
				0.4,
				2.278,
				0,
				2.467,
				0,
				0,
				2.533,
				0
			]
		},
		{
			"Target": "Parameter",
			"Id": "ParamAngleX",
			"Segments": [
				0,
				0,
				1,
				0.167,
				0,
				0.333,
				6.52,
				0.5,
				8,
				1,
				0.967,
				12.145,
				1.433,
				13,
				1.9,
				13,
				1,
				2.089,
				13,
				2.278,
				0,
				2.467,
				0,
				0,
				2.533,
				0
			]
		},
		{
			"Target": "Parameter",
			"Id": "ParamAngleY",
			"Segments": [
				0,
				0,
				1,
				0.167,
				0,
				0.333,
				-4.765,
				0.5,
				-8,
				1,
				0.967,
				-17.059,
				1.433,
				-20,
				1.9,
				-20,
				1,
				2.089,
				-20,
				2.278,
				0,
				2.467,
				0,
				0,
				2.533,
				0
			]
		},
		{
			"Target": "Parameter",
			"Id": "Param5",
			"Segments": [
				0,
				0,
				1,
				0.844,
				0,
				1.689,
				0,
				2.533,
				0
			]
		},
		{
			"Target": "Parameter",
			"Id": "Param6",
			"Segments": [
				0,
				0,
				1,
				0.844,
				0,
				1.689,
				0,
				2.533,
				0
			]
		},
		{
			"Target": "Parameter",
			"Id": "Param7",
			"Segments": [
				0,
				0,
				1,
				0.844,
				0,
				1.689,
				0,
				2.533,
				0
			]
		},
		{
			"Target": "Parameter",
			"Id": "Param8",
			"Segments": [
				0,
				0,
				1,
				0.044,
				0,
				0.089,
				0,
				0.133,
				0,
				1,
				0.144,
				0,
				0.156,
				0,
				0.167,
				0,
				1,
				0.2,
				0,
				0.233,
				0,
				0.267,
				0,
				1,
				0.278,
				0,
				0.289,
				0,
				0.3,
				0,
				1,
				0.344,
				0,
				0.389,
				0,
				0.433,
				0,
				1,
				0.444,
				0,
				0.456,
				0,
				0.467,
				0,
				1,
				0.522,
				0,
				0.578,
				0,
				0.633,
				0,
				1,
				0.644,
				0,
				0.656,
				0,
				0.667,
				0,
				1,
				1.289,
				0,
				1.911,
				0,
				2.533,
				0
			]
		},
		{
			"Target": "Parameter",
			"Id": "Param9",
			"Segments": [
				0,
				0,
				1,
				0.844,
				0,
				1.689,
				0,
				2.533,
				0
			]
		},
		{
			"Target": "Parameter",
			"Id": "Param10",
			"Segments": [
				0,
				0,
				1,
				0.844,
				0,
				1.689,
				0,
				2.533,
				0
			]
		},
		{
			"Target": "Parameter",
			"Id": "Param13",
			"Segments": [
				0,
				3.491,
				1,
				0.111,
				3.491,
				0.222,
				2.372,
				0.333,
				2.372,
				1,
				0.467,
				2.372,
				0.6,
				3.4,
				0.733,
				3.4,
				1,
				0.833,
				3.4,
				0.933,
				3.256,
				1.033,
				3.256,
				1,
				1.433,
				3.256,
				1.833,
				5.808,
				2.233,
				5.808,
				1,
				2.333,
				5.808,
				2.433,
				2.641,
				2.533,
				2.641
			]
		},
		{
			"Target": "Parameter",
			"Id": "Param14",
			"Segments": [
				0,
				-0.001,
				1,
				0.078,
				-0.001,
				0.156,
				0.441,
				0.233,
				0.441,
				1,
				0.333,
				0.441,
				0.433,
				-0.367,
				0.533,
				-0.367,
				1,
				0.644,
				-0.367,
				0.756,
				0.48,
				0.867,
				0.48,
				1,
				1,
				0.48,
				1.133,
				-0.141,
				1.267,
				-0.141,
				1,
				1.389,
				-0.141,
				1.511,
				0.104,
				1.633,
				0.104,
				1,
				1.789,
				0.104,
				1.944,
				-0.953,
				2.1,
				-0.953,
				1,
				2.222,
				-0.953,
				2.344,
				1.179,
				2.467,
				1.179,
				1,
				2.489,
				1.179,
				2.511,
				0.955,
				2.533,
				0.955
			]
		},
		{
			"Target": "Parameter",
			"Id": "Param15",
			"Segments": [
				0,
				-0.003,
				1,
				0.1,
				-0.003,
				0.2,
				0.119,
				0.3,
				0.119,
				1,
				0.422,
				0.119,
				0.544,
				-0.408,
				0.667,
				-0.408,
				1,
				0.789,
				-0.408,
				0.911,
				0.354,
				1.033,
				0.354,
				1,
				1.156,
				0.354,
				1.278,
				-0.246,
				1.4,
				-0.246,
				1,
				1.533,
				-0.246,
				1.667,
				0.131,
				1.8,
				0.131,
				1,
				1.933,
				0.131,
				2.067,
				-0.309,
				2.2,
				-0.309,
				1,
				2.311,
				-0.309,
				2.422,
				0.973,
				2.533,
				0.973
			]
		},
		{
			"Target": "Parameter",
			"Id": "Param16",
			"Segments": [
				0,
				3.491,
				1,
				0.111,
				3.491,
				0.222,
				2.372,
				0.333,
				2.372,
				1,
				0.467,
				2.372,
				0.6,
				3.4,
				0.733,
				3.4,
				1,
				0.833,
				3.4,
				0.933,
				3.256,
				1.033,
				3.256,
				1,
				1.433,
				3.256,
				1.833,
				5.808,
				2.233,
				5.808,
				1,
				2.333,
				5.808,
				2.433,
				2.641,
				2.533,
				2.641
			]
		},
		{
			"Target": "Parameter",
			"Id": "Param17",
			"Segments": [
				0,
				-0.001,
				1,
				0.078,
				-0.001,
				0.156,
				0.441,
				0.233,
				0.441,
				1,
				0.333,
				0.441,
				0.433,
				-0.367,
				0.533,
				-0.367,
				1,
				0.644,
				-0.367,
				0.756,
				0.48,
				0.867,
				0.48,
				1,
				1,
				0.48,
				1.133,
				-0.141,
				1.267,
				-0.141,
				1,
				1.389,
				-0.141,
				1.511,
				0.104,
				1.633,
				0.104,
				1,
				1.789,
				0.104,
				1.944,
				-0.953,
				2.1,
				-0.953,
				1,
				2.222,
				-0.953,
				2.344,
				1.179,
				2.467,
				1.179,
				1,
				2.489,
				1.179,
				2.511,
				0.955,
				2.533,
				0.955
			]
		},
		{
			"Target": "Parameter",
			"Id": "Param18",
			"Segments": [
				0,
				-0.003,
				1,
				0.1,
				-0.003,
				0.2,
				0.119,
				0.3,
				0.119,
				1,
				0.422,
				0.119,
				0.544,
				-0.408,
				0.667,
				-0.408,
				1,
				0.789,
				-0.408,
				0.911,
				0.354,
				1.033,
				0.354,
				1,
				1.156,
				0.354,
				1.278,
				-0.246,
				1.4,
				-0.246,
				1,
				1.533,
				-0.246,
				1.667,
				0.131,
				1.8,
				0.131,
				1,
				1.933,
				0.131,
				2.067,
				-0.309,
				2.2,
				-0.309,
				1,
				2.311,
				-0.309,
				2.422,
				0.973,
				2.533,
				0.973
			]
		},
		{
			"Target": "Parameter",
			"Id": "Param19",
			"Segments": [
				0,
				3.491,
				1,
				0.111,
				3.491,
				0.222,
				2.372,
				0.333,
				2.372,
				1,
				0.467,
				2.372,
				0.6,
				3.4,
				0.733,
				3.4,
				1,
				0.833,
				3.4,
				0.933,
				3.256,
				1.033,
				3.256,
				1,
				1.433,
				3.256,
				1.833,
				5.808,
				2.233,
				5.808,
				1,
				2.333,
				5.808,
				2.433,
				2.641,
				2.533,
				2.641
			]
		},
		{
			"Target": "Parameter",
			"Id": "Param20",
			"Segments": [
				0,
				-0.001,
				1,
				0.078,
				-0.001,
				0.156,
				0.441,
				0.233,
				0.441,
				1,
				0.333,
				0.441,
				0.433,
				-0.367,
				0.533,
				-0.367,
				1,
				0.644,
				-0.367,
				0.756,
				0.48,
				0.867,
				0.48,
				1,
				1,
				0.48,
				1.133,
				-0.141,
				1.267,
				-0.141,
				1,
				1.389,
				-0.141,
				1.511,
				0.104,
				1.633,
				0.104,
				1,
				1.789,
				0.104,
				1.944,
				-0.953,
				2.1,
				-0.953,
				1,
				2.222,
				-0.953,
				2.344,
				1.179,
				2.467,
				1.179,
				1,
				2.489,
				1.179,
				2.511,
				0.955,
				2.533,
				0.955
			]
		},
		{
			"Target": "Parameter",
			"Id": "Param21",
			"Segments": [
				0,
				-0.003,
				1,
				0.1,
				-0.003,
				0.2,
				0.119,
				0.3,
				0.119,
				1,
				0.422,
				0.119,
				0.544,
				-0.408,
				0.667,
				-0.408,
				1,
				0.789,
				-0.408,
				0.911,
				0.354,
				1.033,
				0.354,
				1,
				1.156,
				0.354,
				1.278,
				-0.246,
				1.4,
				-0.246,
				1,
				1.533,
				-0.246,
				1.667,
				0.131,
				1.8,
				0.131,
				1,
				1.933,
				0.131,
				2.067,
				-0.309,
				2.2,
				-0.309,
				1,
				2.311,
				-0.309,
				2.422,
				0.973,
				2.533,
				0.973
			]
		},
		{
			"Target": "Parameter",
			"Id": "Param22",
			"Segments": [
				0,
				3.491,
				1,
				0.111,
				3.491,
				0.222,
				2.372,
				0.333,
				2.372,
				1,
				0.467,
				2.372,
				0.6,
				3.4,
				0.733,
				3.4,
				1,
				0.833,
				3.4,
				0.933,
				3.256,
				1.033,
				3.256,
				1,
				1.433,
				3.256,
				1.833,
				5.808,
				2.233,
				5.808,
				1,
				2.333,
				5.808,
				2.433,
				2.641,
				2.533,
				2.641
			]
		},
		{
			"Target": "Parameter",
			"Id": "Param23",
			"Segments": [
				0,
				-0.001,
				1,
				0.078,
				-0.001,
				0.156,
				0.441,
				0.233,
				0.441,
				1,
				0.333,
				0.441,
				0.433,
				-0.367,
				0.533,
				-0.367,
				1,
				0.644,
				-0.367,
				0.756,
				0.48,
				0.867,
				0.48,
				1,
				1,
				0.48,
				1.133,
				-0.141,
				1.267,
				-0.141,
				1,
				1.389,
				-0.141,
				1.511,
				0.104,
				1.633,
				0.104,
				1,
				1.789,
				0.104,
				1.944,
				-0.953,
				2.1,
				-0.953,
				1,
				2.222,
				-0.953,
				2.344,
				1.179,
				2.467,
				1.179,
				1,
				2.489,
				1.179,
				2.511,
				0.955,
				2.533,
				0.955
			]
		},
		{
			"Target": "Parameter",
			"Id": "Param24",
			"Segments": [
				0,
				-0.003,
				1,
				0.1,
				-0.003,
				0.2,
				0.119,
				0.3,
				0.119,
				1,
				0.422,
				0.119,
				0.544,
				-0.408,
				0.667,
				-0.408,
				1,
				0.789,
				-0.408,
				0.911,
				0.354,
				1.033,
				0.354,
				1,
				1.156,
				0.354,
				1.278,
				-0.246,
				1.4,
				-0.246,
				1,
				1.533,
				-0.246,
				1.667,
				0.131,
				1.8,
				0.131,
				1,
				1.933,
				0.131,
				2.067,
				-0.309,
				2.2,
				-0.309,
				1,
				2.311,
				-0.309,
				2.422,
				0.973,
				2.533,
				0.973
			]
		},
		{
			"Target": "Parameter",
			"Id": "Param25",
			"Segments": [
				0,
				-0.001,
				1,
				0.078,
				-0.001,
				0.156,
				0.441,
				0.233,
				0.441,
				1,
				0.333,
				0.441,
				0.433,
				-0.367,
				0.533,
				-0.367,
				1,
				0.644,
				-0.367,
				0.756,
				0.48,
				0.867,
				0.48,
				1,
				1,
				0.48,
				1.133,
				-0.141,
				1.267,
				-0.141,
				1,
				1.389,
				-0.141,
				1.511,
				0.104,
				1.633,
				0.104,
				1,
				1.789,
				0.104,
				1.944,
				-0.953,
				2.1,
				-0.953,
				1,
				2.222,
				-0.953,
				2.344,
				1.179,
				2.467,
				1.179,
				1,
				2.489,
				1.179,
				2.511,
				0.955,
				2.533,
				0.955
			]
		},
		{
			"Target": "Parameter",
			"Id": "Param26",
			"Segments": [
				0,
				3.491,
				1,
				0.111,
				3.491,
				0.222,
				2.372,
				0.333,
				2.372,
				1,
				0.467,
				2.372,
				0.6,
				3.4,
				0.733,
				3.4,
				1,
				0.833,
				3.4,
				0.933,
				3.256,
				1.033,
				3.256,
				1,
				1.433,
				3.256,
				1.833,
				5.808,
				2.233,
				5.808,
				1,
				2.333,
				5.808,
				2.433,
				2.641,
				2.533,
				2.641
			]
		},
		{
			"Target": "Parameter",
			"Id": "Param27",
			"Segments": [
				0,
				-0.003,
				1,
				0.1,
				-0.003,
				0.2,
				0.119,
				0.3,
				0.119,
				1,
				0.422,
				0.119,
				0.544,
				-0.408,
				0.667,
				-0.408,
				1,
				0.789,
				-0.408,
				0.911,
				0.354,
				1.033,
				0.354,
				1,
				1.156,
				0.354,
				1.278,
				-0.246,
				1.4,
				-0.246,
				1,
				1.533,
				-0.246,
				1.667,
				0.131,
				1.8,
				0.131,
				1,
				1.933,
				0.131,
				2.067,
				-0.309,
				2.2,
				-0.309,
				1,
				2.311,
				-0.309,
				2.422,
				0.973,
				2.533,
				0.973
			]
		},
		{
			"Target": "Parameter",
			"Id": "Param28",
			"Segments": [
				0,
				3.491,
				1,
				0.111,
				3.491,
				0.222,
				2.372,
				0.333,
				2.372,
				1,
				0.467,
				2.372,
				0.6,
				3.4,
				0.733,
				3.4,
				1,
				0.833,
				3.4,
				0.933,
				3.256,
				1.033,
				3.256,
				1,
				1.433,
				3.256,
				1.833,
				5.808,
				2.233,
				5.808,
				1,
				2.333,
				5.808,
				2.433,
				2.641,
				2.533,
				2.641
			]
		},
		{
			"Target": "Parameter",
			"Id": "Param29",
			"Segments": [
				0,
				-0.001,
				1,
				0.078,
				-0.001,
				0.156,
				0.441,
				0.233,
				0.441,
				1,
				0.333,
				0.441,
				0.433,
				-0.367,
				0.533,
				-0.367,
				1,
				0.644,
				-0.367,
				0.756,
				0.48,
				0.867,
				0.48,
				1,
				1,
				0.48,
				1.133,
				-0.141,
				1.267,
				-0.141,
				1,
				1.389,
				-0.141,
				1.511,
				0.104,
				1.633,
				0.104,
				1,
				1.789,
				0.104,
				1.944,
				-0.953,
				2.1,
				-0.953,
				1,
				2.222,
				-0.953,
				2.344,
				1.179,
				2.467,
				1.179,
				1,
				2.489,
				1.179,
				2.511,
				0.955,
				2.533,
				0.955
			]
		},
		{
			"Target": "Parameter",
			"Id": "Param30",
			"Segments": [
				0,
				-0.003,
				1,
				0.1,
				-0.003,
				0.2,
				0.119,
				0.3,
				0.119,
				1,
				0.422,
				0.119,
				0.544,
				-0.408,
				0.667,
				-0.408,
				1,
				0.789,
				-0.408,
				0.911,
				0.354,
				1.033,
				0.354,
				1,
				1.156,
				0.354,
				1.278,
				-0.246,
				1.4,
				-0.246,
				1,
				1.533,
				-0.246,
				1.667,
				0.131,
				1.8,
				0.131,
				1,
				1.933,
				0.131,
				2.067,
				-0.309,
				2.2,
				-0.309,
				1,
				2.311,
				-0.309,
				2.422,
				0.973,
				2.533,
				0.973
			]
		},
		{
			"Target": "Parameter",
			"Id": "Param31",
			"Segments": [
				0,
				3.491,
				1,
				0.111,
				3.491,
				0.222,
				2.372,
				0.333,
				2.372,
				1,
				0.467,
				2.372,
				0.6,
				3.4,
				0.733,
				3.4,
				1,
				0.833,
				3.4,
				0.933,
				3.256,
				1.033,
				3.256,
				1,
				1.433,
				3.256,
				1.833,
				5.808,
				2.233,
				5.808,
				1,
				2.333,
				5.808,
				2.433,
				2.641,
				2.533,
				2.641
			]
		},
		{
			"Target": "Parameter",
			"Id": "Param32",
			"Segments": [
				0,
				-0.001,
				1,
				0.078,
				-0.001,
				0.156,
				0.441,
				0.233,
				0.441,
				1,
				0.333,
				0.441,
				0.433,
				-0.367,
				0.533,
				-0.367,
				1,
				0.644,
				-0.367,
				0.756,
				0.48,
				0.867,
				0.48,
				1,
				1,
				0.48,
				1.133,
				-0.141,
				1.267,
				-0.141,
				1,
				1.389,
				-0.141,
				1.511,
				0.104,
				1.633,
				0.104,
				1,
				1.789,
				0.104,
				1.944,
				-0.953,
				2.1,
				-0.953,
				1,
				2.222,
				-0.953,
				2.344,
				1.179,
				2.467,
				1.179,
				1,
				2.489,
				1.179,
				2.511,
				0.955,
				2.533,
				0.955
			]
		},
		{
			"Target": "Parameter",
			"Id": "Param33",
			"Segments": [
				0,
				-0.003,
				1,
				0.1,
				-0.003,
				0.2,
				0.119,
				0.3,
				0.119,
				1,
				0.422,
				0.119,
				0.544,
				-0.408,
				0.667,
				-0.408,
				1,
				0.789,
				-0.408,
				0.911,
				0.354,
				1.033,
				0.354,
				1,
				1.156,
				0.354,
				1.278,
				-0.246,
				1.4,
				-0.246,
				1,
				1.533,
				-0.246,
				1.667,
				0.131,
				1.8,
				0.131,
				1,
				1.933,
				0.131,
				2.067,
				-0.309,
				2.2,
				-0.309,
				1,
				2.311,
				-0.309,
				2.422,
				0.973,
				2.533,
				0.973
			]
		},
		{
			"Target": "Parameter",
			"Id": "Param34",
			"Segments": [
				0,
				3.491,
				1,
				0.111,
				3.491,
				0.222,
				2.372,
				0.333,
				2.372,
				1,
				0.467,
				2.372,
				0.6,
				3.4,
				0.733,
				3.4,
				1,
				0.833,
				3.4,
				0.933,
				3.256,
				1.033,
				3.256,
				1,
				1.433,
				3.256,
				1.833,
				5.808,
				2.233,
				5.808,
				1,
				2.333,
				5.808,
				2.433,
				2.641,
				2.533,
				2.641
			]
		},
		{
			"Target": "Parameter",
			"Id": "Param35",
			"Segments": [
				0,
				-0.001,
				1,
				0.078,
				-0.001,
				0.156,
				0.441,
				0.233,
				0.441,
				1,
				0.333,
				0.441,
				0.433,
				-0.367,
				0.533,
				-0.367,
				1,
				0.644,
				-0.367,
				0.756,
				0.48,
				0.867,
				0.48,
				1,
				1,
				0.48,
				1.133,
				-0.141,
				1.267,
				-0.141,
				1,
				1.389,
				-0.141,
				1.511,
				0.104,
				1.633,
				0.104,
				1,
				1.789,
				0.104,
				1.944,
				-0.953,
				2.1,
				-0.953,
				1,
				2.222,
				-0.953,
				2.344,
				1.179,
				2.467,
				1.179,
				1,
				2.489,
				1.179,
				2.511,
				0.955,
				2.533,
				0.955
			]
		},
		{
			"Target": "Parameter",
			"Id": "Param36",
			"Segments": [
				0,
				-0.003,
				1,
				0.1,
				-0.003,
				0.2,
				0.119,
				0.3,
				0.119,
				1,
				0.422,
				0.119,
				0.544,
				-0.408,
				0.667,
				-0.408,
				1,
				0.789,
				-0.408,
				0.911,
				0.354,
				1.033,
				0.354,
				1,
				1.156,
				0.354,
				1.278,
				-0.246,
				1.4,
				-0.246,
				1,
				1.533,
				-0.246,
				1.667,
				0.131,
				1.8,
				0.131,
				1,
				1.933,
				0.131,
				2.067,
				-0.309,
				2.2,
				-0.309,
				1,
				2.311,
				-0.309,
				2.422,
				0.973,
				2.533,
				0.973
			]
		},
		{
			"Target": "Parameter",
			"Id": "Param37",
			"Segments": [
				0,
				3.491,
				1,
				0.111,
				3.491,
				0.222,
				2.372,
				0.333,
				2.372,
				1,
				0.467,
				2.372,
				0.6,
				3.4,
				0.733,
				3.4,
				1,
				0.833,
				3.4,
				0.933,
				3.256,
				1.033,
				3.256,
				1,
				1.433,
				3.256,
				1.833,
				5.808,
				2.233,
				5.808,
				1,
				2.333,
				5.808,
				2.433,
				2.641,
				2.533,
				2.641
			]
		},
		{
			"Target": "Parameter",
			"Id": "Param38",
			"Segments": [
				0,
				-0.001,
				1,
				0.078,
				-0.001,
				0.156,
				0.441,
				0.233,
				0.441,
				1,
				0.333,
				0.441,
				0.433,
				-0.367,
				0.533,
				-0.367,
				1,
				0.644,
				-0.367,
				0.756,
				0.48,
				0.867,
				0.48,
				1,
				1,
				0.48,
				1.133,
				-0.141,
				1.267,
				-0.141,
				1,
				1.389,
				-0.141,
				1.511,
				0.104,
				1.633,
				0.104,
				1,
				1.789,
				0.104,
				1.944,
				-0.953,
				2.1,
				-0.953,
				1,
				2.222,
				-0.953,
				2.344,
				1.179,
				2.467,
				1.179,
				1,
				2.489,
				1.179,
				2.511,
				0.955,
				2.533,
				0.955
			]
		},
		{
			"Target": "Parameter",
			"Id": "Param39",
			"Segments": [
				0,
				3.491,
				1,
				0.111,
				3.491,
				0.222,
				2.372,
				0.333,
				2.372,
				1,
				0.467,
				2.372,
				0.6,
				3.4,
				0.733,
				3.4,
				1,
				0.833,
				3.4,
				0.933,
				3.256,
				1.033,
				3.256,
				1,
				1.433,
				3.256,
				1.833,
				5.808,
				2.233,
				5.808,
				1,
				2.333,
				5.808,
				2.433,
				2.641,
				2.533,
				2.641
			]
		},
		{
			"Target": "Parameter",
			"Id": "Param40",
			"Segments": [
				0,
				-0.001,
				1,
				0.078,
				-0.001,
				0.156,
				0.441,
				0.233,
				0.441,
				1,
				0.333,
				0.441,
				0.433,
				-0.367,
				0.533,
				-0.367,
				1,
				0.644,
				-0.367,
				0.756,
				0.48,
				0.867,
				0.48,
				1,
				1,
				0.48,
				1.133,
				-0.141,
				1.267,
				-0.141,
				1,
				1.389,
				-0.141,
				1.511,
				0.104,
				1.633,
				0.104,
				1,
				1.789,
				0.104,
				1.944,
				-0.953,
				2.1,
				-0.953,
				1,
				2.222,
				-0.953,
				2.344,
				1.179,
				2.467,
				1.179,
				1,
				2.489,
				1.179,
				2.511,
				0.955,
				2.533,
				0.955
			]
		},
		{
			"Target": "Parameter",
			"Id": "Param41",
			"Segments": [
				0,
				-0.003,
				1,
				0.1,
				-0.003,
				0.2,
				0.119,
				0.3,
				0.119,
				1,
				0.422,
				0.119,
				0.544,
				-0.408,
				0.667,
				-0.408,
				1,
				0.789,
				-0.408,
				0.911,
				0.354,
				1.033,
				0.354,
				1,
				1.156,
				0.354,
				1.278,
				-0.246,
				1.4,
				-0.246,
				1,
				1.533,
				-0.246,
				1.667,
				0.131,
				1.8,
				0.131,
				1,
				1.933,
				0.131,
				2.067,
				-0.309,
				2.2,
				-0.309,
				1,
				2.311,
				-0.309,
				2.422,
				0.973,
				2.533,
				0.973
			]
		},
		{
			"Target": "Parameter",
			"Id": "Param42",
			"Segments": [
				0,
				3.491,
				1,
				0.111,
				3.491,
				0.222,
				2.372,
				0.333,
				2.372,
				1,
				0.467,
				2.372,
				0.6,
				3.4,
				0.733,
				3.4,
				1,
				0.833,
				3.4,
				0.933,
				3.256,
				1.033,
				3.256,
				1,
				1.433,
				3.256,
				1.833,
				5.808,
				2.233,
				5.808,
				1,
				2.333,
				5.808,
				2.433,
				2.641,
				2.533,
				2.641
			]
		},
		{
			"Target": "Parameter",
			"Id": "Param43",
			"Segments": [
				0,
				-0.001,
				1,
				0.078,
				-0.001,
				0.156,
				0.441,
				0.233,
				0.441,
				1,
				0.333,
				0.441,
				0.433,
				-0.367,
				0.533,
				-0.367,
				1,
				0.644,
				-0.367,
				0.756,
				0.48,
				0.867,
				0.48,
				1,
				1,
				0.48,
				1.133,
				-0.141,
				1.267,
				-0.141,
				1,
				1.389,
				-0.141,
				1.511,
				0.104,
				1.633,
				0.104,
				1,
				1.789,
				0.104,
				1.944,
				-0.953,
				2.1,
				-0.953,
				1,
				2.222,
				-0.953,
				2.344,
				1.179,
				2.467,
				1.179,
				1,
				2.489,
				1.179,
				2.511,
				0.955,
				2.533,
				0.955
			]
		},
		{
			"Target": "Parameter",
			"Id": "Param44",
			"Segments": [
				0,
				-0.003,
				1,
				0.1,
				-0.003,
				0.2,
				0.119,
				0.3,
				0.119,
				1,
				0.422,
				0.119,
				0.544,
				-0.408,
				0.667,
				-0.408,
				1,
				0.789,
				-0.408,
				0.911,
				0.354,
				1.033,
				0.354,
				1,
				1.156,
				0.354,
				1.278,
				-0.246,
				1.4,
				-0.246,
				1,
				1.533,
				-0.246,
				1.667,
				0.131,
				1.8,
				0.131,
				1,
				1.933,
				0.131,
				2.067,
				-0.309,
				2.2,
				-0.309,
				1,
				2.311,
				-0.309,
				2.422,
				0.973,
				2.533,
				0.973
			]
		},
		{
			"Target": "Parameter",
			"Id": "Param45",
			"Segments": [
				0,
				3.491,
				1,
				0.111,
				3.491,
				0.222,
				2.372,
				0.333,
				2.372,
				1,
				0.467,
				2.372,
				0.6,
				3.4,
				0.733,
				3.4,
				1,
				0.833,
				3.4,
				0.933,
				3.256,
				1.033,
				3.256,
				1,
				1.433,
				3.256,
				1.833,
				5.808,
				2.233,
				5.808,
				1,
				2.333,
				5.808,
				2.433,
				2.641,
				2.533,
				2.641
			]
		},
		{
			"Target": "Parameter",
			"Id": "Param46",
			"Segments": [
				0,
				-0.001,
				1,
				0.078,
				-0.001,
				0.156,
				0.441,
				0.233,
				0.441,
				1,
				0.333,
				0.441,
				0.433,
				-0.367,
				0.533,
				-0.367,
				1,
				0.644,
				-0.367,
				0.756,
				0.48,
				0.867,
				0.48,
				1,
				1,
				0.48,
				1.133,
				-0.141,
				1.267,
				-0.141,
				1,
				1.389,
				-0.141,
				1.511,
				0.104,
				1.633,
				0.104,
				1,
				1.789,
				0.104,
				1.944,
				-0.953,
				2.1,
				-0.953,
				1,
				2.222,
				-0.953,
				2.344,
				1.179,
				2.467,
				1.179,
				1,
				2.489,
				1.179,
				2.511,
				0.955,
				2.533,
				0.955
			]
		},
		{
			"Target": "Parameter",
			"Id": "Param49",
			"Segments": [
				0,
				0,
				1,
				0.844,
				0,
				1.689,
				0,
				2.533,
				0
			]
		},
		{
			"Target": "Parameter",
			"Id": "Param47",
			"Segments": [
				0,
				0,
				1,
				0.844,
				0,
				1.689,
				0,
				2.533,
				0
			]
		},
		{
			"Target": "Parameter",
			"Id": "Param48",
			"Segments": [
				0,
				0,
				1,
				0.844,
				0,
				1.689,
				0,
				2.533,
				0
			]
		},
		{
			"Target": "Parameter",
			"Id": "Param51",
			"Segments": [
				0,
				3.491,
				1,
				0.111,
				3.491,
				0.222,
				2.372,
				0.333,
				2.372,
				1,
				0.467,
				2.372,
				0.6,
				3.4,
				0.733,
				3.4,
				1,
				0.833,
				3.4,
				0.933,
				3.256,
				1.033,
				3.256,
				1,
				1.433,
				3.256,
				1.833,
				5.808,
				2.233,
				5.808,
				1,
				2.333,
				5.808,
				2.433,
				2.641,
				2.533,
				2.641
			]
		},
		{
			"Target": "Parameter",
			"Id": "Param52",
			"Segments": [
				0,
				-0.001,
				1,
				0.078,
				-0.001,
				0.156,
				0.504,
				0.233,
				0.504,
				1,
				0.333,
				0.504,
				0.433,
				-0.42,
				0.533,
				-0.42,
				1,
				0.644,
				-0.42,
				0.756,
				0.549,
				0.867,
				0.549,
				1,
				1,
				0.549,
				1.133,
				-0.161,
				1.267,
				-0.161,
				1,
				1.389,
				-0.161,
				1.511,
				0.119,
				1.633,
				0.119,
				1,
				1.789,
				0.119,
				1.944,
				-1.089,
				2.1,
				-1.089,
				1,
				2.222,
				-1.089,
				2.344,
				1.347,
				2.467,
				1.347,
				1,
				2.489,
				1.347,
				2.511,
				1.092,
				2.533,
				1.092
			]
		},
		{
			"Target": "Parameter",
			"Id": "Param53",
			"Segments": [
				0,
				1.745,
				1,
				0.111,
				1.745,
				0.222,
				1.186,
				0.333,
				1.186,
				1,
				0.467,
				1.186,
				0.6,
				1.7,
				0.733,
				1.7,
				1,
				0.833,
				1.7,
				0.933,
				1.628,
				1.033,
				1.628,
				1,
				1.433,
				1.628,
				1.833,
				2.904,
				2.233,
				2.904,
				1,
				2.333,
				2.904,
				2.433,
				1.32,
				2.533,
				1.32
			]
		},
		{
			"Target": "Parameter",
			"Id": "Param54",
			"Segments": [
				0,
				0,
				1,
				0.078,
				0,
				0.156,
				0.252,
				0.233,
				0.252,
				1,
				0.333,
				0.252,
				0.433,
				-0.21,
				0.533,
				-0.21,
				1,
				0.644,
				-0.21,
				0.756,
				0.275,
				0.867,
				0.275,
				1,
				1,
				0.275,
				1.133,
				-0.081,
				1.267,
				-0.081,
				1,
				1.389,
				-0.081,
				1.511,
				0.059,
				1.633,
				0.059,
				1,
				1.789,
				0.059,
				1.944,
				-0.545,
				2.1,
				-0.545,
				1,
				2.222,
				-0.545,
				2.344,
				0.674,
				2.467,
				0.674,
				1,
				2.489,
				0.674,
				2.511,
				0.546,
				2.533,
				0.546
			]
		},
		{
			"Target": "Parameter",
			"Id": "Param55",
			"Segments": [
				0,
				-0.003,
				1,
				0.1,
				-0.003,
				0.2,
				0.159,
				0.3,
				0.159,
				1,
				0.422,
				0.159,
				0.544,
				-0.544,
				0.667,
				-0.544,
				1,
				0.789,
				-0.544,
				0.911,
				0.472,
				1.033,
				0.472,
				1,
				1.156,
				0.472,
				1.278,
				-0.328,
				1.4,
				-0.328,
				1,
				1.533,
				-0.328,
				1.667,
				0.175,
				1.8,
				0.175,
				1,
				1.933,
				0.175,
				2.067,
				-0.411,
				2.2,
				-0.411,
				1,
				2.311,
				-0.411,
				2.422,
				1.297,
				2.533,
				1.297
			]
		},
		{
			"Target": "Parameter",
			"Id": "Param56",
			"Segments": [
				0,
				-0.003,
				1,
				0.1,
				-0.003,
				0.2,
				0.159,
				0.3,
				0.159,
				1,
				0.422,
				0.159,
				0.544,
				-0.544,
				0.667,
				-0.544,
				1,
				0.789,
				-0.544,
				0.911,
				0.472,
				1.033,
				0.472,
				1,
				1.156,
				0.472,
				1.278,
				-0.328,
				1.4,
				-0.328,
				1,
				1.533,
				-0.328,
				1.667,
				0.175,
				1.8,
				0.175,
				1,
				1.933,
				0.175,
				2.067,
				-0.411,
				2.2,
				-0.411,
				1,
				2.311,
				-0.411,
				2.422,
				1.297,
				2.533,
				1.297
			]
		},
		{
			"Target": "Parameter",
			"Id": "Param57",
			"Segments": [
				0,
				-0.003,
				1,
				0.1,
				-0.003,
				0.2,
				0.159,
				0.3,
				0.159,
				1,
				0.422,
				0.159,
				0.544,
				-0.544,
				0.667,
				-0.544,
				1,
				0.789,
				-0.544,
				0.911,
				0.472,
				1.033,
				0.472,
				1,
				1.156,
				0.472,
				1.278,
				-0.328,
				1.4,
				-0.328,
				1,
				1.533,
				-0.328,
				1.667,
				0.175,
				1.8,
				0.175,
				1,
				1.933,
				0.175,
				2.067,
				-0.411,
				2.2,
				-0.411,
				1,
				2.311,
				-0.411,
				2.422,
				1.297,
				2.533,
				1.297
			]
		},
		{
			"Target": "Parameter",
			"Id": "Param58",
			"Segments": [
				0,
				-0.003,
				1,
				0.1,
				-0.003,
				0.2,
				0.159,
				0.3,
				0.159,
				1,
				0.422,
				0.159,
				0.544,
				-0.544,
				0.667,
				-0.544,
				1,
				0.789,
				-0.544,
				0.911,
				0.472,
				1.033,
				0.472,
				1,
				1.156,
				0.472,
				1.278,
				-0.328,
				1.4,
				-0.328,
				1,
				1.533,
				-0.328,
				1.667,
				0.175,
				1.8,
				0.175,
				1,
				1.933,
				0.175,
				2.067,
				-0.411,
				2.2,
				-0.411,
				1,
				2.311,
				-0.411,
				2.422,
				1.297,
				2.533,
				1.297
			]
		},
		{
			"Target": "Parameter",
			"Id": "Param59",
			"Segments": [
				0,
				-0.003,
				1,
				0.1,
				-0.003,
				0.2,
				0.159,
				0.3,
				0.159,
				1,
				0.422,
				0.159,
				0.544,
				-0.544,
				0.667,
				-0.544,
				1,
				0.789,
				-0.544,
				0.911,
				0.472,
				1.033,
				0.472,
				1,
				1.156,
				0.472,
				1.278,
				-0.328,
				1.4,
				-0.328,
				1,
				1.533,
				-0.328,
				1.667,
				0.175,
				1.8,
				0.175,
				1,
				1.933,
				0.175,
				2.067,
				-0.411,
				2.2,
				-0.411,
				1,
				2.311,
				-0.411,
				2.422,
				1.297,
				2.533,
				1.297
			]
		},
		{
			"Target": "Parameter",
			"Id": "Param60",
			"Segments": [
				0,
				-0.003,
				1,
				0.1,
				-0.003,
				0.2,
				0.159,
				0.3,
				0.159,
				1,
				0.422,
				0.159,
				0.544,
				-0.544,
				0.667,
				-0.544,
				1,
				0.789,
				-0.544,
				0.911,
				0.472,
				1.033,
				0.472,
				1,
				1.156,
				0.472,
				1.278,
				-0.328,
				1.4,
				-0.328,
				1,
				1.533,
				-0.328,
				1.667,
				0.175,
				1.8,
				0.175,
				1,
				1.933,
				0.175,
				2.067,
				-0.411,
				2.2,
				-0.411,
				1,
				2.311,
				-0.411,
				2.422,
				1.297,
				2.533,
				1.297
			]
		},
		{
			"Target": "Parameter",
			"Id": "Param61",
			"Segments": [
				0,
				-0.002,
				1,
				0.1,
				-0.002,
				0.2,
				0.095,
				0.3,
				0.095,
				1,
				0.422,
				0.095,
				0.544,
				-0.327,
				0.667,
				-0.327,
				1,
				0.789,
				-0.327,
				0.911,
				0.283,
				1.033,
				0.283,
				1,
				1.156,
				0.283,
				1.278,
				-0.197,
				1.4,
				-0.197,
				1,
				1.533,
				-0.197,
				1.667,
				0.105,
				1.8,
				0.105,
				1,
				1.933,
				0.105,
				2.067,
				-0.247,
				2.2,
				-0.247,
				1,
				2.311,
				-0.247,
				2.422,
				0.778,
				2.533,
				0.778
			]
		},
		{
			"Target": "Parameter",
			"Id": "Param62",
			"Segments": [
				0,
				-0.002,
				1,
				0.1,
				-0.002,
				0.2,
				0.095,
				0.3,
				0.095,
				1,
				0.422,
				0.095,
				0.544,
				-0.327,
				0.667,
				-0.327,
				1,
				0.789,
				-0.327,
				0.911,
				0.283,
				1.033,
				0.283,
				1,
				1.156,
				0.283,
				1.278,
				-0.197,
				1.4,
				-0.197,
				1,
				1.533,
				-0.197,
				1.667,
				0.105,
				1.8,
				0.105,
				1,
				1.933,
				0.105,
				2.067,
				-0.247,
				2.2,
				-0.247,
				1,
				2.311,
				-0.247,
				2.422,
				0.778,
				2.533,
				0.778
			]
		},
		{
			"Target": "Parameter",
			"Id": "Param63",
			"Segments": [
				0,
				-0.002,
				1,
				0.1,
				-0.002,
				0.2,
				0.095,
				0.3,
				0.095,
				1,
				0.422,
				0.095,
				0.544,
				-0.327,
				0.667,
				-0.327,
				1,
				0.789,
				-0.327,
				0.911,
				0.283,
				1.033,
				0.283,
				1,
				1.156,
				0.283,
				1.278,
				-0.197,
				1.4,
				-0.197,
				1,
				1.533,
				-0.197,
				1.667,
				0.105,
				1.8,
				0.105,
				1,
				1.933,
				0.105,
				2.067,
				-0.247,
				2.2,
				-0.247,
				1,
				2.311,
				-0.247,
				2.422,
				0.778,
				2.533,
				0.778
			]
		},
		{
			"Target": "Parameter",
			"Id": "Param64",
			"Segments": [
				0,
				-0.005,
				1,
				0.1,
				-0.005,
				0.2,
				0.238,
				0.3,
				0.238,
				1,
				0.422,
				0.238,
				0.544,
				-0.816,
				0.667,
				-0.816,
				1,
				0.789,
				-0.816,
				0.911,
				0.709,
				1.033,
				0.709,
				1,
				1.156,
				0.709,
				1.278,
				-0.492,
				1.4,
				-0.492,
				1,
				1.533,
				-0.492,
				1.667,
				0.263,
				1.8,
				0.263,
				1,
				1.933,
				0.263,
				2.067,
				-0.617,
				2.2,
				-0.617,
				1,
				2.311,
				-0.617,
				2.422,
				1.945,
				2.533,
				1.945
			]
		},
		{
			"Target": "Parameter",
			"Id": "Param65",
			"Segments": [
				0,
				-0.005,
				1,
				0.1,
				-0.005,
				0.2,
				0.238,
				0.3,
				0.238,
				1,
				0.422,
				0.238,
				0.544,
				-0.816,
				0.667,
				-0.816,
				1,
				0.789,
				-0.816,
				0.911,
				0.709,
				1.033,
				0.709,
				1,
				1.156,
				0.709,
				1.278,
				-0.492,
				1.4,
				-0.492,
				1,
				1.533,
				-0.492,
				1.667,
				0.263,
				1.8,
				0.263,
				1,
				1.933,
				0.263,
				2.067,
				-0.617,
				2.2,
				-0.617,
				1,
				2.311,
				-0.617,
				2.422,
				1.945,
				2.533,
				1.945
			]
		},
		{
			"Target": "Parameter",
			"Id": "Param68",
			"Segments": [
				0,
				0,
				1,
				0.844,
				0,
				1.689,
				0,
				2.533,
				0
			]
		},
		{
			"Target": "Parameter",
			"Id": "Param67",
			"Segments": [
				0,
				0,
				1,
				0.844,
				0,
				1.689,
				0,
				2.533,
				0
			]
		},
		{
			"Target": "Parameter",
			"Id": "Param73",
			"Segments": [
				0,
				0,
				1,
				0.067,
				0,
				0.133,
				0,
				0.2,
				0,
				1,
				0.211,
				0,
				0.222,
				0,
				0.233,
				0,
				1,
				0.244,
				0,
				0.256,
				-0.001,
				0.267,
				-0.001,
				1,
				0.278,
				-0.001,
				0.289,
				-0.001,
				0.3,
				-0.001,
				1,
				0.311,
				-0.001,
				0.322,
				0,
				0.333,
				0,
				1,
				0.344,
				0,
				0.356,
				0,
				0.367,
				0,
				1,
				0.433,
				0,
				0.5,
				0,
				0.567,
				0,
				1,
				0.578,
				0,
				0.589,
				0,
				0.6,
				0,
				1,
				0.611,
				0,
				0.622,
				0,
				0.633,
				0,
				1,
				0.644,
				0,
				0.656,
				0,
				0.667,
				0,
				1,
				0.678,
				0,
				0.689,
				0,
				0.7,
				0,
				1,
				0.733,
				0,
				0.767,
				0,
				0.8,
				0,
				1,
				0.811,
				0,
				0.822,
				0,
				0.833,
				0,
				1,
				0.856,
				0,
				0.878,
				0,
				0.9,
				0,
				1,
				0.911,
				0,
				0.922,
				0,
				0.933,
				0,
				1,
				0.944,
				0,
				0.956,
				0,
				0.967,
				0,
				1,
				0.978,
				0,
				0.989,
				0,
				1,
				0,
				1,
				1.011,
				0,
				1.022,
				0,
				1.033,
				0,
				1,
				1.044,
				0,
				1.056,
				0,
				1.067,
				0,
				1,
				1.178,
				0,
				1.289,
				0,
				1.4,
				0,
				1,
				1.411,
				0,
				1.422,
				0,
				1.433,
				0,
				1,
				1.489,
				0,
				1.544,
				0,
				1.6,
				0,
				1,
				1.611,
				0,
				1.622,
				0,
				1.633,
				0,
				1,
				1.678,
				0,
				1.722,
				0,
				1.767,
				0,
				1,
				1.778,
				0,
				1.789,
				0,
				1.8,
				0,
				1,
				2.044,
				0,
				2.289,
				0,
				2.533,
				0
			]
		},
		{
			"Target": "Parameter",
			"Id": "Param69",
			"Segments": [
				0,
				0,
				1,
				0.156,
				0,
				0.311,
				-3.902,
				0.467,
				-3.902,
				1,
				1.1,
				-3.902,
				1.733,
				5.872,
				2.367,
				5.872,
				1,
				2.422,
				5.872,
				2.478,
				4.226,
				2.533,
				4.226
			]
		},
		{
			"Target": "Parameter",
			"Id": "Param70",
			"Segments": [
				0,
				0,
				1,
				0.156,
				0,
				0.311,
				-3.019,
				0.467,
				-3.019,
				1,
				1.1,
				-3.019,
				1.733,
				4.628,
				2.367,
				4.628,
				1,
				2.422,
				4.628,
				2.478,
				3.331,
				2.533,
				3.331
			]
		},
		{
			"Target": "Parameter",
			"Id": "Param79",
			"Segments": [
				0,
				0,
				1,
				0.844,
				0,
				1.689,
				0,
				2.533,
				0
			]
		},
		{
			"Target": "Parameter",
			"Id": "Param78",
			"Segments": [
				0,
				0,
				1,
				0.844,
				0,
				1.689,
				0,
				2.533,
				0
			]
		},
		{
			"Target": "Parameter",
			"Id": "Param80",
			"Segments": [
				0,
				0,
				1,
				0.067,
				0,
				0.133,
				0,
				0.2,
				0,
				1,
				0.211,
				0,
				0.222,
				0,
				0.233,
				0,
				1,
				0.244,
				0,
				0.256,
				-0.001,
				0.267,
				-0.001,
				1,
				0.278,
				-0.001,
				0.289,
				-0.001,
				0.3,
				-0.001,
				1,
				0.311,
				-0.001,
				0.322,
				0,
				0.333,
				0,
				1,
				0.344,
				0,
				0.356,
				0,
				0.367,
				0,
				1,
				0.433,
				0,
				0.5,
				0,
				0.567,
				0,
				1,
				0.578,
				0,
				0.589,
				0,
				0.6,
				0,
				1,
				0.611,
				0,
				0.622,
				0,
				0.633,
				0,
				1,
				0.644,
				0,
				0.656,
				0,
				0.667,
				0,
				1,
				0.678,
				0,
				0.689,
				0,
				0.7,
				0,
				1,
				0.733,
				0,
				0.767,
				0,
				0.8,
				0,
				1,
				0.811,
				0,
				0.822,
				0,
				0.833,
				0,
				1,
				0.856,
				0,
				0.878,
				0,
				0.9,
				0,
				1,
				0.911,
				0,
				0.922,
				0,
				0.933,
				0,
				1,
				0.944,
				0,
				0.956,
				0,
				0.967,
				0,
				1,
				0.978,
				0,
				0.989,
				0,
				1,
				0,
				1,
				1.011,
				0,
				1.022,
				0,
				1.033,
				0,
				1,
				1.044,
				0,
				1.056,
				0,
				1.067,
				0,
				1,
				1.178,
				0,
				1.289,
				0,
				1.4,
				0,
				1,
				1.411,
				0,
				1.422,
				0,
				1.433,
				0,
				1,
				1.489,
				0,
				1.544,
				0,
				1.6,
				0,
				1,
				1.611,
				0,
				1.622,
				0,
				1.633,
				0,
				1,
				1.678,
				0,
				1.722,
				0,
				1.767,
				0,
				1,
				1.778,
				0,
				1.789,
				0,
				1.8,
				0,
				1,
				2.044,
				0,
				2.289,
				0,
				2.533,
				0
			]
		},
		{
			"Target": "Parameter",
			"Id": "Param85",
			"Segments": [
				0,
				0,
				1,
				0.844,
				0,
				1.689,
				0,
				2.533,
				0
			]
		},
		{
			"Target": "Parameter",
			"Id": "Param86",
			"Segments": [
				0,
				0,
				1,
				0.844,
				0,
				1.689,
				0,
				2.533,
				0
			]
		},
		{
			"Target": "Parameter",
			"Id": "Param87",
			"Segments": [
				0,
				0,
				1,
				0.067,
				0,
				0.133,
				0,
				0.2,
				0,
				1,
				0.211,
				0,
				0.222,
				0,
				0.233,
				0,
				1,
				0.244,
				0,
				0.256,
				-0.001,
				0.267,
				-0.001,
				1,
				0.278,
				-0.001,
				0.289,
				-0.001,
				0.3,
				-0.001,
				1,
				0.311,
				-0.001,
				0.322,
				0,
				0.333,
				0,
				1,
				0.344,
				0,
				0.356,
				0,
				0.367,
				0,
				1,
				0.433,
				0,
				0.5,
				0,
				0.567,
				0,
				1,
				0.578,
				0,
				0.589,
				0,
				0.6,
				0,
				1,
				0.611,
				0,
				0.622,
				0,
				0.633,
				0,
				1,
				0.644,
				0,
				0.656,
				0,
				0.667,
				0,
				1,
				0.678,
				0,
				0.689,
				0,
				0.7,
				0,
				1,
				0.733,
				0,
				0.767,
				0,
				0.8,
				0,
				1,
				0.811,
				0,
				0.822,
				0,
				0.833,
				0,
				1,
				0.856,
				0,
				0.878,
				0,
				0.9,
				0,
				1,
				0.911,
				0,
				0.922,
				0,
				0.933,
				0,
				1,
				0.944,
				0,
				0.956,
				0,
				0.967,
				0,
				1,
				0.978,
				0,
				0.989,
				0,
				1,
				0,
				1,
				1.011,
				0,
				1.022,
				0,
				1.033,
				0,
				1,
				1.044,
				0,
				1.056,
				0,
				1.067,
				0,
				1,
				1.178,
				0,
				1.289,
				0,
				1.4,
				0,
				1,
				1.411,
				0,
				1.422,
				0,
				1.433,
				0,
				1,
				1.489,
				0,
				1.544,
				0,
				1.6,
				0,
				1,
				1.611,
				0,
				1.622,
				0,
				1.633,
				0,
				1,
				1.678,
				0,
				1.722,
				0,
				1.767,
				0,
				1,
				1.778,
				0,
				1.789,
				0,
				1.8,
				0,
				1,
				2.044,
				0,
				2.289,
				0,
				2.533,
				0
			]
		},
		{
			"Target": "Parameter",
			"Id": "Param81",
			"Segments": [
				0,
				0,
				1,
				0.156,
				0,
				0.311,
				-3.902,
				0.467,
				-3.902,
				1,
				1.1,
				-3.902,
				1.733,
				5.872,
				2.367,
				5.872,
				1,
				2.422,
				5.872,
				2.478,
				4.226,
				2.533,
				4.226
			]
		},
		{
			"Target": "Parameter",
			"Id": "Param82",
			"Segments": [
				0,
				0,
				1,
				0.156,
				0,
				0.311,
				-3.019,
				0.467,
				-3.019,
				1,
				1.1,
				-3.019,
				1.733,
				4.628,
				2.367,
				4.628,
				1,
				2.422,
				4.628,
				2.478,
				3.331,
				2.533,
				3.331
			]
		},
		{
			"Target": "Parameter",
			"Id": "Param93",
			"Segments": [
				0,
				0,
				1,
				0.844,
				0,
				1.689,
				0,
				2.533,
				0
			]
		},
		{
			"Target": "Parameter",
			"Id": "Param94",
			"Segments": [
				0,
				0,
				1,
				0.067,
				0,
				0.133,
				0,
				0.2,
				0,
				1,
				0.211,
				0,
				0.222,
				0,
				0.233,
				0,
				1,
				0.244,
				0,
				0.256,
				-0.001,
				0.267,
				-0.001,
				1,
				0.278,
				-0.001,
				0.289,
				-0.001,
				0.3,
				-0.001,
				1,
				0.311,
				-0.001,
				0.322,
				0,
				0.333,
				0,
				1,
				0.344,
				0,
				0.356,
				0,
				0.367,
				0,
				1,
				0.433,
				0,
				0.5,
				0,
				0.567,
				0,
				1,
				0.578,
				0,
				0.589,
				0,
				0.6,
				0,
				1,
				0.611,
				0,
				0.622,
				0,
				0.633,
				0,
				1,
				0.644,
				0,
				0.656,
				0,
				0.667,
				0,
				1,
				0.678,
				0,
				0.689,
				0,
				0.7,
				0,
				1,
				0.733,
				0,
				0.767,
				0,
				0.8,
				0,
				1,
				0.811,
				0,
				0.822,
				0,
				0.833,
				0,
				1,
				0.856,
				0,
				0.878,
				0,
				0.9,
				0,
				1,
				0.911,
				0,
				0.922,
				0,
				0.933,
				0,
				1,
				0.944,
				0,
				0.956,
				0,
				0.967,
				0,
				1,
				0.978,
				0,
				0.989,
				0,
				1,
				0,
				1,
				1.011,
				0,
				1.022,
				0,
				1.033,
				0,
				1,
				1.044,
				0,
				1.056,
				0,
				1.067,
				0,
				1,
				1.178,
				0,
				1.289,
				0,
				1.4,
				0,
				1,
				1.411,
				0,
				1.422,
				0,
				1.433,
				0,
				1,
				1.489,
				0,
				1.544,
				0,
				1.6,
				0,
				1,
				1.611,
				0,
				1.622,
				0,
				1.633,
				0,
				1,
				1.678,
				0,
				1.722,
				0,
				1.767,
				0,
				1,
				1.778,
				0,
				1.789,
				0,
				1.8,
				0,
				1,
				2.044,
				0,
				2.289,
				0,
				2.533,
				0
			]
		},
		{
			"Target": "Parameter",
			"Id": "Param95",
			"Segments": [
				0,
				0,
				1,
				0.844,
				0,
				1.689,
				0,
				2.533,
				0
			]
		},
		{
			"Target": "Parameter",
			"Id": "Param96",
			"Segments": [
				0,
				0,
				1,
				0.844,
				0,
				1.689,
				0,
				2.533,
				0
			]
		},
		{
			"Target": "Parameter",
			"Id": "Param97",
			"Segments": [
				0,
				0,
				1,
				0.067,
				0,
				0.133,
				0,
				0.2,
				0,
				1,
				0.211,
				0,
				0.222,
				0,
				0.233,
				0,
				1,
				0.244,
				0,
				0.256,
				-0.001,
				0.267,
				-0.001,
				1,
				0.278,
				-0.001,
				0.289,
				-0.001,
				0.3,
				-0.001,
				1,
				0.311,
				-0.001,
				0.322,
				0,
				0.333,
				0,
				1,
				0.344,
				0,
				0.356,
				0,
				0.367,
				0,
				1,
				0.433,
				0,
				0.5,
				0,
				0.567,
				0,
				1,
				0.578,
				0,
				0.589,
				0,
				0.6,
				0,
				1,
				0.611,
				0,
				0.622,
				0,
				0.633,
				0,
				1,
				0.644,
				0,
				0.656,
				0,
				0.667,
				0,
				1,
				0.678,
				0,
				0.689,
				0,
				0.7,
				0,
				1,
				0.733,
				0,
				0.767,
				0,
				0.8,
				0,
				1,
				0.811,
				0,
				0.822,
				0,
				0.833,
				0,
				1,
				0.856,
				0,
				0.878,
				0,
				0.9,
				0,
				1,
				0.911,
				0,
				0.922,
				0,
				0.933,
				0,
				1,
				0.944,
				0,
				0.956,
				0,
				0.967,
				0,
				1,
				0.978,
				0,
				0.989,
				0,
				1,
				0,
				1,
				1.011,
				0,
				1.022,
				0,
				1.033,
				0,
				1,
				1.044,
				0,
				1.056,
				0,
				1.067,
				0,
				1,
				1.178,
				0,
				1.289,
				0,
				1.4,
				0,
				1,
				1.411,
				0,
				1.422,
				0,
				1.433,
				0,
				1,
				1.489,
				0,
				1.544,
				0,
				1.6,
				0,
				1,
				1.611,
				0,
				1.622,
				0,
				1.633,
				0,
				1,
				1.678,
				0,
				1.722,
				0,
				1.767,
				0,
				1,
				1.778,
				0,
				1.789,
				0,
				1.8,
				0,
				1,
				2.044,
				0,
				2.289,
				0,
				2.533,
				0
			]
		},
		{
			"Target": "Parameter",
			"Id": "Param98",
			"Segments": [
				0,
				0,
				1,
				0.844,
				0,
				1.689,
				0,
				2.533,
				0
			]
		},
		{
			"Target": "Parameter",
			"Id": "Param99",
			"Segments": [
				0,
				0,
				1,
				0.844,
				0,
				1.689,
				0,
				2.533,
				0
			]
		},
		{
			"Target": "Parameter",
			"Id": "Param100",
			"Segments": [
				0,
				0,
				1,
				0.067,
				0,
				0.133,
				0,
				0.2,
				0,
				1,
				0.211,
				0,
				0.222,
				0,
				0.233,
				0,
				1,
				0.244,
				0,
				0.256,
				-0.001,
				0.267,
				-0.001,
				1,
				0.278,
				-0.001,
				0.289,
				-0.001,
				0.3,
				-0.001,
				1,
				0.311,
				-0.001,
				0.322,
				0,
				0.333,
				0,
				1,
				0.344,
				0,
				0.356,
				0,
				0.367,
				0,
				1,
				0.433,
				0,
				0.5,
				0,
				0.567,
				0,
				1,
				0.578,
				0,
				0.589,
				0,
				0.6,
				0,
				1,
				0.611,
				0,
				0.622,
				0,
				0.633,
				0,
				1,
				0.644,
				0,
				0.656,
				0,
				0.667,
				0,
				1,
				0.678,
				0,
				0.689,
				0,
				0.7,
				0,
				1,
				0.733,
				0,
				0.767,
				0,
				0.8,
				0,
				1,
				0.811,
				0,
				0.822,
				0,
				0.833,
				0,
				1,
				0.856,
				0,
				0.878,
				0,
				0.9,
				0,
				1,
				0.911,
				0,
				0.922,
				0,
				0.933,
				0,
				1,
				0.944,
				0,
				0.956,
				0,
				0.967,
				0,
				1,
				0.978,
				0,
				0.989,
				0,
				1,
				0,
				1,
				1.011,
				0,
				1.022,
				0,
				1.033,
				0,
				1,
				1.044,
				0,
				1.056,
				0,
				1.067,
				0,
				1,
				1.178,
				0,
				1.289,
				0,
				1.4,
				0,
				1,
				1.411,
				0,
				1.422,
				0,
				1.433,
				0,
				1,
				1.489,
				0,
				1.544,
				0,
				1.6,
				0,
				1,
				1.611,
				0,
				1.622,
				0,
				1.633,
				0,
				1,
				1.678,
				0,
				1.722,
				0,
				1.767,
				0,
				1,
				1.778,
				0,
				1.789,
				0,
				1.8,
				0,
				1,
				2.044,
				0,
				2.289,
				0,
				2.533,
				0
			]
		},
		{
			"Target": "Parameter",
			"Id": "Param102",
			"Segments": [
				0,
				0,
				1,
				0.156,
				0,
				0.311,
				-3.902,
				0.467,
				-3.902,
				1,
				1.1,
				-3.902,
				1.733,
				5.872,
				2.367,
				5.872,
				1,
				2.422,
				5.872,
				2.478,
				4.226,
				2.533,
				4.226
			]
		},
		{
			"Target": "Parameter",
			"Id": "Param103",
			"Segments": [
				0,
				0,
				1,
				0.156,
				0,
				0.311,
				-3.019,
				0.467,
				-3.019,
				1,
				1.1,
				-3.019,
				1.733,
				4.628,
				2.367,
				4.628,
				1,
				2.422,
				4.628,
				2.478,
				3.331,
				2.533,
				3.331
			]
		},
		{
			"Target": "Parameter",
			"Id": "Param105",
			"Segments": [
				0,
				0,
				1,
				0.167,
				0,
				0.333,
				1,
				0.5,
				1,
				1,
				1,
				1,
				1.5,
				1,
				2,
				1,
				1,
				2.178,
				1,
				2.356,
				0,
				2.533,
				0
			]
		},
		{
			"Target": "Parameter",
			"Id": "Param106",
			"Segments": [
				0,
				0,
				1,
				0.256,
				0,
				0.511,
				0,
				0.767,
				0,
				1,
				0.822,
				0,
				0.878,
				0.346,
				0.933,
				0.346,
				1,
				1.033,
				0.346,
				1.133,
				0,
				1.233,
				0,
				1,
				1.367,
				0,
				1.5,
				0,
				1.633,
				0,
				1,
				1.689,
				0,
				1.744,
				0.007,
				1.8,
				0.007,
				1,
				1.867,
				0.007,
				1.933,
				0.002,
				2,
				0.002,
				1,
				2.078,
				0.002,
				2.156,
				1,
				2.233,
				1,
				1,
				2.333,
				1,
				2.433,
				1,
				2.533,
				1
			]
		},
		{
			"Target": "Parameter",
			"Id": "Param107",
			"Segments": [
				0,
				0,
				1,
				0.156,
				0,
				0.311,
				30,
				0.467,
				30,
				1,
				1.011,
				30,
				1.556,
				30,
				2.1,
				30,
				1,
				2.233,
				30,
				2.367,
				0,
				2.5,
				0,
				1,
				2.511,
				0,
				2.522,
				0,
				2.533,
				0
			]
		},
		{
			"Target": "Parameter",
			"Id": "Param108",
			"Segments": [
				0,
				0.007,
				1,
				0.1,
				0.007,
				0.2,
				-4.09,
				0.3,
				-4.09,
				1,
				0.444,
				-4.09,
				0.589,
				3.665,
				0.733,
				3.665,
				1,
				0.889,
				3.665,
				1.044,
				-1.692,
				1.2,
				-1.692,
				1,
				1.356,
				-1.692,
				1.511,
				0.812,
				1.667,
				0.812,
				1,
				1.778,
				0.812,
				1.889,
				-0.171,
				2,
				-0.171,
				1,
				2.111,
				-0.171,
				2.222,
				3.719,
				2.333,
				3.719,
				1,
				2.4,
				3.719,
				2.467,
				0.103,
				2.533,
				0.103
			]
		},
		{
			"Target": "Parameter",
			"Id": "Param109",
			"Segments": [
				0,
				0,
				1,
				0.156,
				0,
				0.311,
				-3.902,
				0.467,
				-3.902,
				1,
				0.622,
				-3.902,
				0.778,
				4,
				0.933,
				4,
				1,
				1.111,
				4,
				1.289,
				-5,
				1.467,
				-5,
				1,
				1.644,
				-5,
				1.822,
				-3.983,
				2,
				0,
				1,
				2.122,
				2.739,
				2.244,
				5.872,
				2.367,
				5.872,
				1,
				2.422,
				5.872,
				2.478,
				4.226,
				2.533,
				4.226
			]
		},
		{
			"Target": "Parameter",
			"Id": "Param110",
			"Segments": [
				0,
				0,
				1,
				0.156,
				0,
				0.311,
				-3.019,
				0.467,
				-3.019,
				1,
				0.589,
				-3.019,
				0.711,
				2,
				0.833,
				2,
				1,
				1,
				2,
				1.167,
				-7,
				1.333,
				-7,
				1,
				1.556,
				-7,
				1.778,
				-4.959,
				2,
				0,
				1,
				2.122,
				2.727,
				2.244,
				4.628,
				2.367,
				4.628,
				1,
				2.422,
				4.628,
				2.478,
				3.331,
				2.533,
				3.331
			]
		},
		{
			"Target": "Parameter",
			"Id": "Param113",
			"Segments": [
				0,
				0,
				1,
				0.067,
				0,
				0.133,
				0,
				0.2,
				0,
				1,
				0.211,
				0,
				0.222,
				0,
				0.233,
				0,
				1,
				0.244,
				0,
				0.256,
				-0.001,
				0.267,
				-0.001,
				1,
				0.278,
				-0.001,
				0.289,
				-0.001,
				0.3,
				-0.001,
				1,
				0.311,
				-0.001,
				0.322,
				0,
				0.333,
				0,
				1,
				0.344,
				0,
				0.356,
				0,
				0.367,
				0,
				1,
				0.433,
				0,
				0.5,
				0,
				0.567,
				0,
				1,
				0.578,
				0,
				0.589,
				0,
				0.6,
				0,
				1,
				0.611,
				0,
				0.622,
				0,
				0.633,
				0,
				1,
				0.644,
				0,
				0.656,
				0,
				0.667,
				0,
				1,
				0.678,
				0,
				0.689,
				0,
				0.7,
				0,
				1,
				0.733,
				0,
				0.767,
				0,
				0.8,
				0,
				1,
				0.811,
				0,
				0.822,
				0,
				0.833,
				0,
				1,
				0.856,
				0,
				0.878,
				0,
				0.9,
				0,
				1,
				0.911,
				0,
				0.922,
				0,
				0.933,
				0,
				1,
				0.944,
				0,
				0.956,
				0,
				0.967,
				0,
				1,
				0.978,
				0,
				0.989,
				0,
				1,
				0,
				1,
				1.011,
				0,
				1.022,
				0,
				1.033,
				0,
				1,
				1.044,
				0,
				1.056,
				0,
				1.067,
				0,
				1,
				1.178,
				0,
				1.289,
				0,
				1.4,
				0,
				1,
				1.411,
				0,
				1.422,
				0,
				1.433,
				0,
				1,
				1.489,
				0,
				1.544,
				0,
				1.6,
				0,
				1,
				1.611,
				0,
				1.622,
				0,
				1.633,
				0,
				1,
				1.678,
				0,
				1.722,
				0,
				1.767,
				0,
				1,
				1.778,
				0,
				1.789,
				0,
				1.8,
				0,
				1,
				2.044,
				0,
				2.289,
				0,
				2.533,
				0
			]
		},
		{
			"Target": "Parameter",
			"Id": "Param114",
			"Segments": [
				0,
				0,
				1,
				0.067,
				0,
				0.133,
				0,
				0.2,
				0,
				1,
				0.211,
				0,
				0.222,
				0,
				0.233,
				0,
				1,
				0.244,
				0,
				0.256,
				-0.001,
				0.267,
				-0.001,
				1,
				0.278,
				-0.001,
				0.289,
				-0.001,
				0.3,
				-0.001,
				1,
				0.311,
				-0.001,
				0.322,
				0,
				0.333,
				0,
				1,
				0.344,
				0,
				0.356,
				0,
				0.367,
				0,
				1,
				0.433,
				0,
				0.5,
				0,
				0.567,
				0,
				1,
				0.578,
				0,
				0.589,
				0,
				0.6,
				0,
				1,
				0.611,
				0,
				0.622,
				0,
				0.633,
				0,
				1,
				0.644,
				0,
				0.656,
				0,
				0.667,
				0,
				1,
				0.678,
				0,
				0.689,
				0,
				0.7,
				0,
				1,
				0.733,
				0,
				0.767,
				0,
				0.8,
				0,
				1,
				0.811,
				0,
				0.822,
				0,
				0.833,
				0,
				1,
				0.856,
				0,
				0.878,
				0,
				0.9,
				0,
				1,
				0.911,
				0,
				0.922,
				0,
				0.933,
				0,
				1,
				0.944,
				0,
				0.956,
				0,
				0.967,
				0,
				1,
				0.978,
				0,
				0.989,
				0,
				1,
				0,
				1,
				1.011,
				0,
				1.022,
				0,
				1.033,
				0,
				1,
				1.044,
				0,
				1.056,
				0,
				1.067,
				0,
				1,
				1.178,
				0,
				1.289,
				0,
				1.4,
				0,
				1,
				1.411,
				0,
				1.422,
				0,
				1.433,
				0,
				1,
				1.489,
				0,
				1.544,
				0,
				1.6,
				0,
				1,
				1.611,
				0,
				1.622,
				0,
				1.633,
				0,
				1,
				1.678,
				0,
				1.722,
				0,
				1.767,
				0,
				1,
				1.778,
				0,
				1.789,
				0,
				1.8,
				0,
				1,
				2.044,
				0,
				2.289,
				0,
				2.533,
				0
			]
		},
		{
			"Target": "Parameter",
			"Id": "Param116",
			"Segments": [
				0,
				1.309,
				1,
				0.111,
				1.309,
				0.222,
				0.889,
				0.333,
				0.889,
				1,
				0.467,
				0.889,
				0.6,
				1.275,
				0.733,
				1.275,
				1,
				0.833,
				1.275,
				0.933,
				1.221,
				1.033,
				1.221,
				1,
				1.433,
				1.221,
				1.833,
				2.178,
				2.233,
				2.178,
				1,
				2.333,
				2.178,
				2.433,
				0.99,
				2.533,
				0.99
			]
		},
		{
			"Target": "Parameter",
			"Id": "Param117",
			"Segments": [
				0,
				0,
				1,
				0.078,
				0,
				0.156,
				0.189,
				0.233,
				0.189,
				1,
				0.333,
				0.189,
				0.433,
				-0.158,
				0.533,
				-0.158,
				1,
				0.644,
				-0.158,
				0.756,
				0.206,
				0.867,
				0.206,
				1,
				1,
				0.206,
				1.133,
				-0.06,
				1.267,
				-0.06,
				1,
				1.389,
				-0.06,
				1.511,
				0.044,
				1.633,
				0.044,
				1,
				1.789,
				0.044,
				1.944,
				-0.409,
				2.1,
				-0.409,
				1,
				2.222,
				-0.409,
				2.344,
				0.505,
				2.467,
				0.505,
				1,
				2.489,
				0.505,
				2.511,
				0.409,
				2.533,
				0.409
			]
		},
		{
			"Target": "Parameter",
			"Id": "Param120",
			"Segments": [
				0,
				2.618,
				1,
				0.111,
				2.618,
				0.222,
				1.779,
				0.333,
				1.779,
				1,
				0.467,
				1.779,
				0.6,
				2.55,
				0.733,
				2.55,
				1,
				0.833,
				2.55,
				0.933,
				2.442,
				1.033,
				2.442,
				1,
				1.433,
				2.442,
				1.833,
				4.356,
				2.233,
				4.356,
				1,
				2.333,
				4.356,
				2.433,
				1.98,
				2.533,
				1.98
			]
		},
		{
			"Target": "Parameter",
			"Id": "Param121",
			"Segments": [
				0,
				-0.001,
				1,
				0.078,
				-0.001,
				0.156,
				0.378,
				0.233,
				0.378,
				1,
				0.333,
				0.378,
				0.433,
				-0.315,
				0.533,
				-0.315,
				1,
				0.644,
				-0.315,
				0.756,
				0.412,
				0.867,
				0.412,
				1,
				1,
				0.412,
				1.133,
				-0.121,
				1.267,
				-0.121,
				1,
				1.389,
				-0.121,
				1.511,
				0.089,
				1.633,
				0.089,
				1,
				1.789,
				0.089,
				1.944,
				-0.817,
				2.1,
				-0.817,
				1,
				2.222,
				-0.817,
				2.344,
				1.01,
				2.467,
				1.01,
				1,
				2.489,
				1.01,
				2.511,
				0.819,
				2.533,
				0.819
			]
		},
		{
			"Target": "Parameter",
			"Id": "Param127",
			"Segments": [
				0,
				-24.19,
				1,
				0.844,
				-24.19,
				1.689,
				-24.19,
				2.533,
				-24.19
			]
		},
		{
			"Target": "Parameter",
			"Id": "Param_Angle_Rotation_1_ArtMesh235",
			"Segments": [
				0,
				-12.957,
				1,
				0.844,
				-12.957,
				1.689,
				-12.957,
				2.533,
				-12.957
			]
		},
		{
			"Target": "Parameter",
			"Id": "Param_Angle_Rotation_2_ArtMesh235",
			"Segments": [
				0,
				0.021,
				1,
				0.111,
				0.021,
				0.222,
				-0.396,
				0.333,
				-0.396,
				1,
				0.6,
				-0.396,
				0.867,
				0.173,
				1.133,
				0.173,
				1,
				1.4,
				0.173,
				1.667,
				-0.075,
				1.933,
				-0.075,
				1,
				2.133,
				-0.075,
				2.333,
				0.02,
				2.533,
				0.02
			]
		},
		{
			"Target": "Parameter",
			"Id": "Param_Angle_Rotation_3_ArtMesh235",
			"Segments": [
				0,
				5.736,
				1,
				0.244,
				5.736,
				0.489,
				-2.984,
				0.733,
				-2.984,
				1,
				1,
				-2.984,
				1.267,
				1.493,
				1.533,
				1.493,
				1,
				1.8,
				1.493,
				2.067,
				-0.735,
				2.333,
				-0.735,
				1,
				2.4,
				-0.735,
				2.467,
				-0.539,
				2.533,
				-0.539
			]
		},
		{
			"Target": "Parameter",
			"Id": "Param_Angle_Rotation_4_ArtMesh235",
			"Segments": [
				0,
				0.354,
				1,
				0.122,
				0.354,
				0.244,
				20.936,
				0.367,
				20.936,
				1,
				0.622,
				20.936,
				0.878,
				-12.362,
				1.133,
				-12.362,
				1,
				1.4,
				-12.362,
				1.667,
				7.031,
				1.933,
				7.031,
				1,
				2.133,
				7.031,
				2.333,
				-2.645,
				2.533,
				-2.645
			]
		},
		{
			"Target": "Parameter",
			"Id": "Param_Angle_Rotation_5_ArtMesh235",
			"Segments": [
				0,
				-45,
				1,
				0.056,
				-45,
				0.111,
				-45,
				0.167,
				-45,
				1,
				0.322,
				-45,
				0.478,
				45,
				0.633,
				45,
				1,
				0.711,
				45,
				0.789,
				45,
				0.867,
				45,
				1,
				1.089,
				45,
				1.311,
				-35.159,
				1.533,
				-35.159,
				1,
				1.8,
				-35.159,
				2.067,
				22.768,
				2.333,
				22.768,
				1,
				2.4,
				22.768,
				2.467,
				16.072,
				2.533,
				16.072
			]
		},
		{
			"Target": "Parameter",
			"Id": "Param_Angle_Rotation_6_ArtMesh235",
			"Segments": [
				0,
				-18.888,
				1,
				0.022,
				-18.888,
				0.044,
				-45,
				0.067,
				-45,
				1,
				0.256,
				-45,
				0.444,
				-45,
				0.633,
				-45,
				1,
				0.722,
				-45,
				0.811,
				45,
				0.9,
				45,
				1,
				1.067,
				45,
				1.233,
				45,
				1.4,
				45,
				1,
				1.511,
				45,
				1.622,
				-45,
				1.733,
				-45,
				1,
				1.878,
				-45,
				2.022,
				-45,
				2.167,
				-45,
				1,
				2.289,
				-45,
				2.411,
				37.511,
				2.533,
				37.511
			]
		},
		{
			"Target": "Parameter",
			"Id": "Param_Angle_Rotation_7_ArtMesh235",
			"Segments": [
				0,
				45,
				1,
				0.067,
				45,
				0.133,
				45,
				0.2,
				45,
				1,
				0.267,
				45,
				0.333,
				-45,
				0.4,
				-45,
				1,
				0.611,
				-45,
				0.822,
				-45,
				1.033,
				-45,
				1,
				1.1,
				-45,
				1.167,
				45,
				1.233,
				45,
				1,
				1.433,
				45,
				1.633,
				45,
				1.833,
				45,
				1,
				1.9,
				45,
				1.967,
				-45,
				2.033,
				-45,
				1,
				2.2,
				-45,
				2.367,
				-45,
				2.533,
				-45
			]
		},
		{
			"Target": "Parameter",
			"Id": "Param_Angle_Rotation_8_ArtMesh235",
			"Segments": [
				0,
				45,
				1,
				0.078,
				45,
				0.156,
				45,
				0.233,
				45,
				1,
				0.244,
				45,
				0.256,
				-45,
				0.267,
				-45,
				1,
				0.389,
				-45,
				0.511,
				-45,
				0.633,
				-45,
				1,
				0.644,
				-45,
				0.656,
				45,
				0.667,
				45,
				1,
				0.756,
				45,
				0.844,
				45,
				0.933,
				45,
				1,
				0.978,
				45,
				1.022,
				-45,
				1.067,
				-45,
				1,
				1.211,
				-45,
				1.356,
				-45,
				1.5,
				-45,
				1,
				1.567,
				-45,
				1.633,
				45,
				1.7,
				45,
				1,
				1.833,
				45,
				1.967,
				45,
				2.1,
				45,
				1,
				2.178,
				45,
				2.256,
				-45,
				2.333,
				-45,
				1,
				2.4,
				-45,
				2.467,
				-45,
				2.533,
				-45
			]
		},
		{
			"Target": "Parameter",
			"Id": "Param_Angle_Rotation_9_ArtMesh235",
			"Segments": [
				0,
				37.235,
				1,
				0.011,
				37.235,
				0.022,
				45,
				0.033,
				45,
				1,
				0.111,
				45,
				0.189,
				45,
				0.267,
				45,
				1,
				0.278,
				45,
				0.289,
				-45,
				0.3,
				-45,
				1,
				0.5,
				-45,
				0.7,
				-45,
				0.9,
				-45,
				1,
				0.978,
				-45,
				1.056,
				43.759,
				1.133,
				43.759,
				1,
				1.267,
				43.759,
				1.4,
				-45,
				1.533,
				-45,
				1,
				1.589,
				-45,
				1.644,
				-45,
				1.7,
				-45,
				1,
				1.778,
				-45,
				1.856,
				45,
				1.933,
				45,
				1,
				2.067,
				45,
				2.2,
				45,
				2.333,
				45,
				1,
				2.4,
				45,
				2.467,
				-30.096,
				2.533,
				-30.096
			]
		},
		{
			"Target": "Parameter",
			"Id": "Param_Angle_Rotation_10_ArtMesh235",
			"Segments": [
				0,
				7.022,
				1,
				0.011,
				7.022,
				0.022,
				7.042,
				0.033,
				7.042,
				1,
				0.111,
				7.042,
				0.189,
				-41.506,
				0.267,
				-41.506,
				1,
				0.422,
				-41.506,
				0.578,
				45,
				0.733,
				45,
				1,
				0.822,
				45,
				0.911,
				45,
				1,
				45,
				1,
				1.133,
				45,
				1.267,
				-45,
				1.4,
				-45,
				1,
				1.556,
				-45,
				1.711,
				-45,
				1.867,
				-45,
				1,
				1.933,
				-45,
				2,
				45,
				2.067,
				45,
				1,
				2.211,
				45,
				2.356,
				45,
				2.5,
				45,
				1,
				2.511,
				45,
				2.522,
				39.143,
				2.533,
				39.143
			]
		},
		{
			"Target": "Parameter",
			"Id": "Param_Angle_Rotation_11_ArtMesh235",
			"Segments": [
				0,
				-0.756,
				1,
				0.044,
				-0.756,
				0.089,
				13.262,
				0.133,
				13.262,
				1,
				0.233,
				13.262,
				0.333,
				-29.777,
				0.433,
				-29.777,
				1,
				0.644,
				-29.777,
				0.856,
				45,
				1.067,
				45,
				1,
				1.111,
				45,
				1.156,
				45,
				1.2,
				45,
				1,
				1.378,
				45,
				1.556,
				-45,
				1.733,
				-45,
				1,
				1.833,
				-45,
				1.933,
				-45,
				2.033,
				-45,
				1,
				2.1,
				-45,
				2.167,
				45,
				2.233,
				45,
				1,
				2.333,
				45,
				2.433,
				45,
				2.533,
				45
			]
		}
	]
}