{
	"Version": 3,
	"Meta": {
		"Duration": 2.133,
		"Fps": 30.0,
		"Loop": true,
		"AreBeziersRestricted": false,
		"CurveCount": 125,
		"TotalSegmentCount": 591,
		"TotalPointCount": 1868,
		"UserDataCount": 0,
		"TotalUserDataSize": 0
	},
	"Curves": [
		{
			"Target": "Parameter",
			"Id": "Param133",
			"Segments": [
				0,
				1,
				0,
				2.133,
				1
			]
		},
		{
			"Target": "Parameter",
			"Id": "Param",
			"Segments": [
				0,
				0,
				1,
				0.211,
				0,
				0.422,
				-0.238,
				0.633,
				-0.238,
				1,
				1.067,
				-0.238,
				1.5,
				0.28,
				1.933,
				0.28,
				1,
				2,
				0.28,
				2.067,
				0.183,
				2.133,
				0.183
			]
		},
		{
			"Target": "Parameter",
			"Id": "ParamBrowLForm",
			"Segments": [
				0,
				0,
				1,
				0.167,
				0,
				0.333,
				-0.8,
				0.5,
				-0.8,
				1,
				0.822,
				-0.8,
				1.144,
				-0.8,
				1.467,
				-0.8,
				1,
				1.689,
				-0.8,
				1.911,
				0,
				2.133,
				0
			]
		},
		{
			"Target": "Parameter",
			"Id": "ParamBrowRForm",
			"Segments": [
				0,
				0,
				1,
				0.167,
				0,
				0.333,
				0.4,
				0.5,
				0.4,
				1,
				0.822,
				0.4,
				1.144,
				0.4,
				1.467,
				0.4,
				1,
				1.689,
				0.4,
				1.911,
				0,
				2.133,
				0
			]
		},
		{
			"Target": "Parameter",
			"Id": "ParamBrowLY",
			"Segments": [
				0,
				0,
				1,
				0.167,
				0,
				0.333,
				-1,
				0.5,
				-1,
				1,
				0.822,
				-1,
				1.144,
				-1,
				1.467,
				-1,
				1,
				1.667,
				-1,
				1.867,
				0,
				2.067,
				0,
				0,
				2.133,
				0
			]
		},
		{
			"Target": "Parameter",
			"Id": "ParamBrowRY",
			"Segments": [
				0,
				0,
				1,
				0.167,
				0,
				0.333,
				-1,
				0.5,
				-1,
				1,
				0.822,
				-1,
				1.144,
				-1,
				1.467,
				-1,
				1,
				1.667,
				-1,
				1.867,
				0,
				2.067,
				0,
				0,
				2.133,
				0
			]
		},
		{
			"Target": "Parameter",
			"Id": "Param2",
			"Segments": [
				0,
				-0.1,
				1,
				0.167,
				-0.1,
				0.333,
				-10,
				0.5,
				-10,
				1,
				0.822,
				-10,
				1.144,
				-9.181,
				1.467,
				-5.5,
				1,
				1.667,
				-3.215,
				1.867,
				0,
				2.067,
				0,
				0,
				2.133,
				0
			]
		},
		{
			"Target": "Parameter",
			"Id": "Param3",
			"Segments": [
				0,
				0,
				1,
				0.2,
				0,
				0.4,
				-0.786,
				0.6,
				-0.786,
				1,
				1.011,
				-0.786,
				1.422,
				0.8,
				1.833,
				0.8,
				1,
				1.933,
				0.8,
				2.033,
				0.362,
				2.133,
				0.362
			]
		},
		{
			"Target": "Parameter",
			"Id": "Param4",
			"Segments": [
				0,
				0,
				1,
				0.133,
				0,
				0.267,
				0.104,
				0.4,
				0.104,
				1,
				0.556,
				0.104,
				0.711,
				-0.016,
				0.867,
				-0.016,
				1,
				0.9,
				-0.016,
				0.933,
				-0.002,
				0.967,
				-0.002,
				1,
				1.1,
				-0.002,
				1.233,
				-0.082,
				1.367,
				-0.082,
				1,
				1.389,
				-0.082,
				1.411,
				-0.08,
				1.433,
				-0.08,
				1,
				1.456,
				-0.08,
				1.478,
				-0.082,
				1.5,
				-0.082,
				1,
				1.511,
				-0.082,
				1.522,
				-0.079,
				1.533,
				-0.079,
				1,
				1.544,
				-0.079,
				1.556,
				-0.08,
				1.567,
				-0.08,
				1,
				1.744,
				-0.08,
				1.922,
				0.01,
				2.1,
				0.01,
				1,
				2.111,
				0.01,
				2.122,
				0.008,
				2.133,
				0.008
			]
		},
		{
			"Target": "Parameter",
			"Id": "ParamEyeROpen",
			"Segments": [
				0,
				1,
				1,
				0.267,
				1,
				0.533,
				0.8,
				0.8,
				0.8,
				1,
				1.022,
				0.8,
				1.244,
				0.8,
				1.467,
				0.8,
				1,
				1.656,
				0.8,
				1.844,
				1,
				2.033,
				1,
				0,
				2.133,
				1
			]
		},
		{
			"Target": "Parameter",
			"Id": "ParamEyeLOpen",
			"Segments": [
				0,
				1,
				1,
				0.267,
				1,
				0.533,
				0.8,
				0.8,
				0.8,
				1,
				1.022,
				0.8,
				1.244,
				0.8,
				1.467,
				0.8,
				1,
				1.656,
				0.8,
				1.844,
				1,
				2.033,
				1,
				0,
				2.133,
				1
			]
		},
		{
			"Target": "Parameter",
			"Id": "ParamEyeBallX",
			"Segments": [
				0,
				0,
				1,
				0.278,
				0,
				0.556,
				0.7,
				0.833,
				0.7,
				1,
				0.922,
				0.7,
				1.011,
				0.4,
				1.1,
				0.4,
				1,
				1.189,
				0.4,
				1.278,
				0.4,
				1.367,
				0.4,
				1,
				1.6,
				0.4,
				1.833,
				0,
				2.067,
				0,
				0,
				2.133,
				0
			]
		},
		{
			"Target": "Parameter",
			"Id": "ParamEyeBallY",
			"Segments": [
				0,
				0,
				1,
				0.278,
				0,
				0.556,
				-0.061,
				0.833,
				-0.3,
				1,
				0.922,
				-0.377,
				1.011,
				-0.6,
				1.1,
				-0.6,
				1,
				1.189,
				-0.6,
				1.278,
				-0.509,
				1.367,
				-0.4,
				1,
				1.6,
				-0.115,
				1.833,
				0,
				2.067,
				0,
				0,
				2.133,
				0
			]
		},
		{
			"Target": "Parameter",
			"Id": "ParamAngleX",
			"Segments": [
				0,
				0,
				1,
				0.278,
				0,
				0.556,
				17,
				0.833,
				17,
				1,
				1.011,
				17,
				1.189,
				17,
				1.367,
				17,
				1,
				1.467,
				17,
				1.567,
				12.241,
				1.667,
				7.43,
				1,
				1.789,
				1.55,
				1.911,
				0,
				2.033,
				0,
				0,
				2.133,
				0
			]
		},
		{
			"Target": "Parameter",
			"Id": "ParamAngleY",
			"Segments": [
				0,
				0,
				1,
				0.278,
				0,
				0.556,
				-12,
				0.833,
				-12,
				1,
				1.011,
				-12,
				1.189,
				-12,
				1.367,
				-12,
				1,
				1.467,
				-12,
				1.567,
				-5.344,
				1.667,
				-3,
				1,
				1.789,
				-0.136,
				1.911,
				0,
				2.033,
				0,
				0,
				2.133,
				0
			]
		},
		{
			"Target": "Parameter",
			"Id": "Param5",
			"Segments": [
				0,
				0,
				1,
				0.167,
				0,
				0.333,
				0.464,
				0.5,
				0.464,
				1,
				0.689,
				0.464,
				0.878,
				-0.058,
				1.067,
				-0.058,
				1,
				1.2,
				-0.058,
				1.333,
				0.001,
				1.467,
				0.001,
				1,
				1.6,
				0.001,
				1.733,
				-0.637,
				1.867,
				-0.637,
				1,
				1.956,
				-0.637,
				2.044,
				-0.075,
				2.133,
				-0.075
			]
		},
		{
			"Target": "Parameter",
			"Id": "Param6",
			"Segments": [
				0,
				0,
				1,
				0.156,
				0,
				0.311,
				1.652,
				0.467,
				1.652,
				1,
				0.656,
				1.652,
				0.844,
				-0.552,
				1.033,
				-0.552,
				1,
				1.178,
				-0.552,
				1.322,
				0.082,
				1.467,
				0.082,
				1,
				1.6,
				0.082,
				1.733,
				-2.305,
				1.867,
				-2.305,
				1,
				1.956,
				-2.305,
				2.044,
				0.066,
				2.133,
				0.066
			]
		},
		{
			"Target": "Parameter",
			"Id": "Param7",
			"Segments": [
				0,
				0,
				1,
				0.144,
				0,
				0.289,
				0.85,
				0.433,
				0.85,
				1,
				0.6,
				0.85,
				0.767,
				-0.339,
				0.933,
				-0.339,
				1,
				1.089,
				-0.339,
				1.244,
				0.075,
				1.4,
				0.075,
				1,
				1.533,
				0.075,
				1.667,
				-1.264,
				1.8,
				-1.264,
				1,
				1.911,
				-1.264,
				2.022,
				0.392,
				2.133,
				0.392
			]
		},
		{
			"Target": "Parameter",
			"Id": "Param8",
			"Segments": [
				0,
				0,
				1,
				0.133,
				0,
				0.267,
				1.113,
				0.4,
				1.113,
				1,
				0.578,
				1.113,
				0.756,
				-0.863,
				0.933,
				-0.863,
				1,
				1.1,
				-0.863,
				1.267,
				0.328,
				1.433,
				0.328,
				1,
				1.567,
				0.328,
				1.7,
				-1.741,
				1.833,
				-1.741,
				1,
				1.933,
				-1.741,
				2.033,
				0.833,
				2.133,
				0.833
			]
		},
		{
			"Target": "Parameter",
			"Id": "Param9",
			"Segments": [
				0,
				0,
				1,
				0.111,
				0,
				0.222,
				0.788,
				0.333,
				0.788,
				1,
				0.522,
				0.788,
				0.711,
				-1.054,
				0.9,
				-1.054,
				1,
				1.078,
				-1.054,
				1.256,
				0.312,
				1.433,
				0.312,
				1,
				1.556,
				0.312,
				1.678,
				-1.223,
				1.8,
				-1.223,
				1,
				1.911,
				-1.223,
				2.022,
				1.313,
				2.133,
				1.313
			]
		},
		{
			"Target": "Parameter",
			"Id": "Param10",
			"Segments": [
				0,
				0,
				1,
				0.167,
				0,
				0.333,
				-0.774,
				0.5,
				-0.774,
				1,
				0.689,
				-0.774,
				0.878,
				0.097,
				1.067,
				0.097,
				1,
				1.2,
				0.097,
				1.333,
				-0.002,
				1.467,
				-0.002,
				1,
				1.6,
				-0.002,
				1.733,
				1.061,
				1.867,
				1.061,
				1,
				1.956,
				1.061,
				2.044,
				0.126,
				2.133,
				0.126
			]
		},
		{
			"Target": "Parameter",
			"Id": "ParamEyeLSmile",
			"Segments": [
				0,
				0,
				1,
				0.156,
				0,
				0.311,
				-4,
				0.467,
				-4,
				1,
				0.778,
				-4,
				1.089,
				-3.472,
				1.4,
				-2,
				1,
				1.644,
				-0.843,
				1.889,
				0,
				2.133,
				0
			]
		},
		{
			"Target": "Parameter",
			"Id": "Param13",
			"Segments": [
				0,
				3.491,
				1,
				0.133,
				3.491,
				0.267,
				2.215,
				0.4,
				2.215,
				1,
				0.578,
				2.215,
				0.756,
				4.008,
				0.933,
				4.008,
				1,
				1.067,
				4.008,
				1.2,
				3.366,
				1.333,
				3.366,
				1,
				1.433,
				3.366,
				1.533,
				5.746,
				1.633,
				5.746,
				1,
				1.778,
				5.746,
				1.922,
				2.656,
				2.067,
				2.656,
				1,
				2.089,
				2.656,
				2.111,
				2.809,
				2.133,
				2.809
			]
		},
		{
			"Target": "Parameter",
			"Id": "Param14",
			"Segments": [
				0,
				0,
				1,
				0.078,
				0,
				0.156,
				0.459,
				0.233,
				0.459,
				1,
				0.356,
				0.459,
				0.478,
				-0.213,
				0.6,
				-0.213,
				1,
				0.756,
				-0.213,
				0.911,
				0.473,
				1.067,
				0.473,
				1,
				1.233,
				0.473,
				1.4,
				-1.208,
				1.567,
				-1.208,
				1,
				1.667,
				-1.208,
				1.767,
				1.268,
				1.867,
				1.268,
				1,
				1.956,
				1.268,
				2.044,
				-0.929,
				2.133,
				-0.929
			]
		},
		{
			"Target": "Parameter",
			"Id": "Param15",
			"Segments": [
				0,
				-0.003,
				1,
				0.1,
				-0.003,
				0.2,
				0.125,
				0.3,
				0.125,
				1,
				0.433,
				0.125,
				0.567,
				-0.417,
				0.7,
				-0.417,
				1,
				0.856,
				-0.417,
				1.011,
				0.432,
				1.167,
				0.432,
				1,
				1.322,
				0.432,
				1.478,
				-0.577,
				1.633,
				-0.577,
				1,
				1.756,
				-0.577,
				1.878,
				1.106,
				2,
				1.106,
				1,
				2.044,
				1.106,
				2.089,
				0.344,
				2.133,
				0.344
			]
		},
		{
			"Target": "Parameter",
			"Id": "Param16",
			"Segments": [
				0,
				3.491,
				1,
				0.133,
				3.491,
				0.267,
				2.215,
				0.4,
				2.215,
				1,
				0.578,
				2.215,
				0.756,
				4.008,
				0.933,
				4.008,
				1,
				1.067,
				4.008,
				1.2,
				3.366,
				1.333,
				3.366,
				1,
				1.433,
				3.366,
				1.533,
				5.746,
				1.633,
				5.746,
				1,
				1.778,
				5.746,
				1.922,
				2.656,
				2.067,
				2.656,
				1,
				2.089,
				2.656,
				2.111,
				2.809,
				2.133,
				2.809
			]
		},
		{
			"Target": "Parameter",
			"Id": "Param17",
			"Segments": [
				0,
				0,
				1,
				0.078,
				0,
				0.156,
				0.459,
				0.233,
				0.459,
				1,
				0.356,
				0.459,
				0.478,
				-0.213,
				0.6,
				-0.213,
				1,
				0.756,
				-0.213,
				0.911,
				0.473,
				1.067,
				0.473,
				1,
				1.233,
				0.473,
				1.4,
				-1.208,
				1.567,
				-1.208,
				1,
				1.667,
				-1.208,
				1.767,
				1.268,
				1.867,
				1.268,
				1,
				1.956,
				1.268,
				2.044,
				-0.929,
				2.133,
				-0.929
			]
		},
		{
			"Target": "Parameter",
			"Id": "Param18",
			"Segments": [
				0,
				-0.003,
				1,
				0.1,
				-0.003,
				0.2,
				0.125,
				0.3,
				0.125,
				1,
				0.433,
				0.125,
				0.567,
				-0.417,
				0.7,
				-0.417,
				1,
				0.856,
				-0.417,
				1.011,
				0.432,
				1.167,
				0.432,
				1,
				1.322,
				0.432,
				1.478,
				-0.577,
				1.633,
				-0.577,
				1,
				1.756,
				-0.577,
				1.878,
				1.106,
				2,
				1.106,
				1,
				2.044,
				1.106,
				2.089,
				0.344,
				2.133,
				0.344
			]
		},
		{
			"Target": "Parameter",
			"Id": "Param19",
			"Segments": [
				0,
				3.491,
				1,
				0.133,
				3.491,
				0.267,
				2.215,
				0.4,
				2.215,
				1,
				0.578,
				2.215,
				0.756,
				4.008,
				0.933,
				4.008,
				1,
				1.067,
				4.008,
				1.2,
				3.366,
				1.333,
				3.366,
				1,
				1.433,
				3.366,
				1.533,
				5.746,
				1.633,
				5.746,
				1,
				1.778,
				5.746,
				1.922,
				2.656,
				2.067,
				2.656,
				1,
				2.089,
				2.656,
				2.111,
				2.809,
				2.133,
				2.809
			]
		},
		{
			"Target": "Parameter",
			"Id": "Param20",
			"Segments": [
				0,
				0,
				1,
				0.078,
				0,
				0.156,
				0.459,
				0.233,
				0.459,
				1,
				0.356,
				0.459,
				0.478,
				-0.213,
				0.6,
				-0.213,
				1,
				0.756,
				-0.213,
				0.911,
				0.473,
				1.067,
				0.473,
				1,
				1.233,
				0.473,
				1.4,
				-1.208,
				1.567,
				-1.208,
				1,
				1.667,
				-1.208,
				1.767,
				1.268,
				1.867,
				1.268,
				1,
				1.956,
				1.268,
				2.044,
				-0.929,
				2.133,
				-0.929
			]
		},
		{
			"Target": "Parameter",
			"Id": "Param21",
			"Segments": [
				0,
				-0.003,
				1,
				0.1,
				-0.003,
				0.2,
				0.125,
				0.3,
				0.125,
				1,
				0.433,
				0.125,
				0.567,
				-0.417,
				0.7,
				-0.417,
				1,
				0.856,
				-0.417,
				1.011,
				0.432,
				1.167,
				0.432,
				1,
				1.322,
				0.432,
				1.478,
				-0.577,
				1.633,
				-0.577,
				1,
				1.756,
				-0.577,
				1.878,
				1.106,
				2,
				1.106,
				1,
				2.044,
				1.106,
				2.089,
				0.344,
				2.133,
				0.344
			]
		},
		{
			"Target": "Parameter",
			"Id": "Param22",
			"Segments": [
				0,
				3.491,
				1,
				0.133,
				3.491,
				0.267,
				2.215,
				0.4,
				2.215,
				1,
				0.578,
				2.215,
				0.756,
				4.008,
				0.933,
				4.008,
				1,
				1.067,
				4.008,
				1.2,
				3.366,
				1.333,
				3.366,
				1,
				1.433,
				3.366,
				1.533,
				5.746,
				1.633,
				5.746,
				1,
				1.778,
				5.746,
				1.922,
				2.656,
				2.067,
				2.656,
				1,
				2.089,
				2.656,
				2.111,
				2.809,
				2.133,
				2.809
			]
		},
		{
			"Target": "Parameter",
			"Id": "Param23",
			"Segments": [
				0,
				0,
				1,
				0.078,
				0,
				0.156,
				0.459,
				0.233,
				0.459,
				1,
				0.356,
				0.459,
				0.478,
				-0.213,
				0.6,
				-0.213,
				1,
				0.756,
				-0.213,
				0.911,
				0.473,
				1.067,
				0.473,
				1,
				1.233,
				0.473,
				1.4,
				-1.208,
				1.567,
				-1.208,
				1,
				1.667,
				-1.208,
				1.767,
				1.268,
				1.867,
				1.268,
				1,
				1.956,
				1.268,
				2.044,
				-0.929,
				2.133,
				-0.929
			]
		},
		{
			"Target": "Parameter",
			"Id": "Param24",
			"Segments": [
				0,
				-0.003,
				1,
				0.1,
				-0.003,
				0.2,
				0.125,
				0.3,
				0.125,
				1,
				0.433,
				0.125,
				0.567,
				-0.417,
				0.7,
				-0.417,
				1,
				0.856,
				-0.417,
				1.011,
				0.432,
				1.167,
				0.432,
				1,
				1.322,
				0.432,
				1.478,
				-0.577,
				1.633,
				-0.577,
				1,
				1.756,
				-0.577,
				1.878,
				1.106,
				2,
				1.106,
				1,
				2.044,
				1.106,
				2.089,
				0.344,
				2.133,
				0.344
			]
		},
		{
			"Target": "Parameter",
			"Id": "Param25",
			"Segments": [
				0,
				0,
				1,
				0.078,
				0,
				0.156,
				0.459,
				0.233,
				0.459,
				1,
				0.356,
				0.459,
				0.478,
				-0.213,
				0.6,
				-0.213,
				1,
				0.756,
				-0.213,
				0.911,
				0.473,
				1.067,
				0.473,
				1,
				1.233,
				0.473,
				1.4,
				-1.208,
				1.567,
				-1.208,
				1,
				1.667,
				-1.208,
				1.767,
				1.268,
				1.867,
				1.268,
				1,
				1.956,
				1.268,
				2.044,
				-0.929,
				2.133,
				-0.929
			]
		},
		{
			"Target": "Parameter",
			"Id": "Param26",
			"Segments": [
				0,
				3.491,
				1,
				0.133,
				3.491,
				0.267,
				2.215,
				0.4,
				2.215,
				1,
				0.578,
				2.215,
				0.756,
				4.008,
				0.933,
				4.008,
				1,
				1.067,
				4.008,
				1.2,
				3.366,
				1.333,
				3.366,
				1,
				1.433,
				3.366,
				1.533,
				5.746,
				1.633,
				5.746,
				1,
				1.778,
				5.746,
				1.922,
				2.656,
				2.067,
				2.656,
				1,
				2.089,
				2.656,
				2.111,
				2.809,
				2.133,
				2.809
			]
		},
		{
			"Target": "Parameter",
			"Id": "Param27",
			"Segments": [
				0,
				-0.003,
				1,
				0.1,
				-0.003,
				0.2,
				0.125,
				0.3,
				0.125,
				1,
				0.433,
				0.125,
				0.567,
				-0.417,
				0.7,
				-0.417,
				1,
				0.856,
				-0.417,
				1.011,
				0.432,
				1.167,
				0.432,
				1,
				1.322,
				0.432,
				1.478,
				-0.577,
				1.633,
				-0.577,
				1,
				1.756,
				-0.577,
				1.878,
				1.106,
				2,
				1.106,
				1,
				2.044,
				1.106,
				2.089,
				0.344,
				2.133,
				0.344
			]
		},
		{
			"Target": "Parameter",
			"Id": "Param28",
			"Segments": [
				0,
				3.491,
				1,
				0.133,
				3.491,
				0.267,
				2.215,
				0.4,
				2.215,
				1,
				0.578,
				2.215,
				0.756,
				4.008,
				0.933,
				4.008,
				1,
				1.067,
				4.008,
				1.2,
				3.366,
				1.333,
				3.366,
				1,
				1.433,
				3.366,
				1.533,
				5.746,
				1.633,
				5.746,
				1,
				1.778,
				5.746,
				1.922,
				2.656,
				2.067,
				2.656,
				1,
				2.089,
				2.656,
				2.111,
				2.809,
				2.133,
				2.809
			]
		},
		{
			"Target": "Parameter",
			"Id": "Param29",
			"Segments": [
				0,
				0,
				1,
				0.078,
				0,
				0.156,
				0.459,
				0.233,
				0.459,
				1,
				0.356,
				0.459,
				0.478,
				-0.213,
				0.6,
				-0.213,
				1,
				0.756,
				-0.213,
				0.911,
				0.473,
				1.067,
				0.473,
				1,
				1.233,
				0.473,
				1.4,
				-1.208,
				1.567,
				-1.208,
				1,
				1.667,
				-1.208,
				1.767,
				1.268,
				1.867,
				1.268,
				1,
				1.956,
				1.268,
				2.044,
				-0.929,
				2.133,
				-0.929
			]
		},
		{
			"Target": "Parameter",
			"Id": "Param30",
			"Segments": [
				0,
				-0.003,
				1,
				0.1,
				-0.003,
				0.2,
				0.125,
				0.3,
				0.125,
				1,
				0.433,
				0.125,
				0.567,
				-0.417,
				0.7,
				-0.417,
				1,
				0.856,
				-0.417,
				1.011,
				0.432,
				1.167,
				0.432,
				1,
				1.322,
				0.432,
				1.478,
				-0.577,
				1.633,
				-0.577,
				1,
				1.756,
				-0.577,
				1.878,
				1.106,
				2,
				1.106,
				1,
				2.044,
				1.106,
				2.089,
				0.344,
				2.133,
				0.344
			]
		},
		{
			"Target": "Parameter",
			"Id": "Param31",
			"Segments": [
				0,
				3.491,
				1,
				0.133,
				3.491,
				0.267,
				2.215,
				0.4,
				2.215,
				1,
				0.578,
				2.215,
				0.756,
				4.008,
				0.933,
				4.008,
				1,
				1.067,
				4.008,
				1.2,
				3.366,
				1.333,
				3.366,
				1,
				1.433,
				3.366,
				1.533,
				5.746,
				1.633,
				5.746,
				1,
				1.778,
				5.746,
				1.922,
				2.656,
				2.067,
				2.656,
				1,
				2.089,
				2.656,
				2.111,
				2.809,
				2.133,
				2.809
			]
		},
		{
			"Target": "Parameter",
			"Id": "Param32",
			"Segments": [
				0,
				0,
				1,
				0.078,
				0,
				0.156,
				0.459,
				0.233,
				0.459,
				1,
				0.356,
				0.459,
				0.478,
				-0.213,
				0.6,
				-0.213,
				1,
				0.756,
				-0.213,
				0.911,
				0.473,
				1.067,
				0.473,
				1,
				1.233,
				0.473,
				1.4,
				-1.208,
				1.567,
				-1.208,
				1,
				1.667,
				-1.208,
				1.767,
				1.268,
				1.867,
				1.268,
				1,
				1.956,
				1.268,
				2.044,
				-0.929,
				2.133,
				-0.929
			]
		},
		{
			"Target": "Parameter",
			"Id": "Param33",
			"Segments": [
				0,
				-0.003,
				1,
				0.1,
				-0.003,
				0.2,
				0.125,
				0.3,
				0.125,
				1,
				0.433,
				0.125,
				0.567,
				-0.417,
				0.7,
				-0.417,
				1,
				0.856,
				-0.417,
				1.011,
				0.432,
				1.167,
				0.432,
				1,
				1.322,
				0.432,
				1.478,
				-0.577,
				1.633,
				-0.577,
				1,
				1.756,
				-0.577,
				1.878,
				1.106,
				2,
				1.106,
				1,
				2.044,
				1.106,
				2.089,
				0.344,
				2.133,
				0.344
			]
		},
		{
			"Target": "Parameter",
			"Id": "Param34",
			"Segments": [
				0,
				3.491,
				1,
				0.133,
				3.491,
				0.267,
				2.215,
				0.4,
				2.215,
				1,
				0.578,
				2.215,
				0.756,
				4.008,
				0.933,
				4.008,
				1,
				1.067,
				4.008,
				1.2,
				3.366,
				1.333,
				3.366,
				1,
				1.433,
				3.366,
				1.533,
				5.746,
				1.633,
				5.746,
				1,
				1.778,
				5.746,
				1.922,
				2.656,
				2.067,
				2.656,
				1,
				2.089,
				2.656,
				2.111,
				2.809,
				2.133,
				2.809
			]
		},
		{
			"Target": "Parameter",
			"Id": "Param35",
			"Segments": [
				0,
				0,
				1,
				0.078,
				0,
				0.156,
				0.459,
				0.233,
				0.459,
				1,
				0.356,
				0.459,
				0.478,
				-0.213,
				0.6,
				-0.213,
				1,
				0.756,
				-0.213,
				0.911,
				0.473,
				1.067,
				0.473,
				1,
				1.233,
				0.473,
				1.4,
				-1.208,
				1.567,
				-1.208,
				1,
				1.667,
				-1.208,
				1.767,
				1.268,
				1.867,
				1.268,
				1,
				1.956,
				1.268,
				2.044,
				-0.929,
				2.133,
				-0.929
			]
		},
		{
			"Target": "Parameter",
			"Id": "Param36",
			"Segments": [
				0,
				-0.003,
				1,
				0.1,
				-0.003,
				0.2,
				0.125,
				0.3,
				0.125,
				1,
				0.433,
				0.125,
				0.567,
				-0.417,
				0.7,
				-0.417,
				1,
				0.856,
				-0.417,
				1.011,
				0.432,
				1.167,
				0.432,
				1,
				1.322,
				0.432,
				1.478,
				-0.577,
				1.633,
				-0.577,
				1,
				1.756,
				-0.577,
				1.878,
				1.106,
				2,
				1.106,
				1,
				2.044,
				1.106,
				2.089,
				0.344,
				2.133,
				0.344
			]
		},
		{
			"Target": "Parameter",
			"Id": "Param37",
			"Segments": [
				0,
				3.491,
				1,
				0.133,
				3.491,
				0.267,
				2.215,
				0.4,
				2.215,
				1,
				0.578,
				2.215,
				0.756,
				4.008,
				0.933,
				4.008,
				1,
				1.067,
				4.008,
				1.2,
				3.366,
				1.333,
				3.366,
				1,
				1.433,
				3.366,
				1.533,
				5.746,
				1.633,
				5.746,
				1,
				1.778,
				5.746,
				1.922,
				2.656,
				2.067,
				2.656,
				1,
				2.089,
				2.656,
				2.111,
				2.809,
				2.133,
				2.809
			]
		},
		{
			"Target": "Parameter",
			"Id": "Param38",
			"Segments": [
				0,
				0,
				1,
				0.078,
				0,
				0.156,
				0.459,
				0.233,
				0.459,
				1,
				0.356,
				0.459,
				0.478,
				-0.213,
				0.6,
				-0.213,
				1,
				0.756,
				-0.213,
				0.911,
				0.473,
				1.067,
				0.473,
				1,
				1.233,
				0.473,
				1.4,
				-1.208,
				1.567,
				-1.208,
				1,
				1.667,
				-1.208,
				1.767,
				1.268,
				1.867,
				1.268,
				1,
				1.956,
				1.268,
				2.044,
				-0.929,
				2.133,
				-0.929
			]
		},
		{
			"Target": "Parameter",
			"Id": "Param39",
			"Segments": [
				0,
				3.491,
				1,
				0.133,
				3.491,
				0.267,
				2.215,
				0.4,
				2.215,
				1,
				0.578,
				2.215,
				0.756,
				4.008,
				0.933,
				4.008,
				1,
				1.067,
				4.008,
				1.2,
				3.366,
				1.333,
				3.366,
				1,
				1.433,
				3.366,
				1.533,
				5.746,
				1.633,
				5.746,
				1,
				1.778,
				5.746,
				1.922,
				2.656,
				2.067,
				2.656,
				1,
				2.089,
				2.656,
				2.111,
				2.809,
				2.133,
				2.809
			]
		},
		{
			"Target": "Parameter",
			"Id": "Param40",
			"Segments": [
				0,
				0,
				1,
				0.078,
				0,
				0.156,
				0.459,
				0.233,
				0.459,
				1,
				0.356,
				0.459,
				0.478,
				-0.213,
				0.6,
				-0.213,
				1,
				0.756,
				-0.213,
				0.911,
				0.473,
				1.067,
				0.473,
				1,
				1.233,
				0.473,
				1.4,
				-1.208,
				1.567,
				-1.208,
				1,
				1.667,
				-1.208,
				1.767,
				1.268,
				1.867,
				1.268,
				1,
				1.956,
				1.268,
				2.044,
				-0.929,
				2.133,
				-0.929
			]
		},
		{
			"Target": "Parameter",
			"Id": "Param41",
			"Segments": [
				0,
				-0.003,
				1,
				0.1,
				-0.003,
				0.2,
				0.125,
				0.3,
				0.125,
				1,
				0.433,
				0.125,
				0.567,
				-0.417,
				0.7,
				-0.417,
				1,
				0.856,
				-0.417,
				1.011,
				0.432,
				1.167,
				0.432,
				1,
				1.322,
				0.432,
				1.478,
				-0.577,
				1.633,
				-0.577,
				1,
				1.756,
				-0.577,
				1.878,
				1.106,
				2,
				1.106,
				1,
				2.044,
				1.106,
				2.089,
				0.344,
				2.133,
				0.344
			]
		},
		{
			"Target": "Parameter",
			"Id": "Param42",
			"Segments": [
				0,
				3.491,
				1,
				0.133,
				3.491,
				0.267,
				2.215,
				0.4,
				2.215,
				1,
				0.578,
				2.215,
				0.756,
				4.008,
				0.933,
				4.008,
				1,
				1.067,
				4.008,
				1.2,
				3.366,
				1.333,
				3.366,
				1,
				1.433,
				3.366,
				1.533,
				5.746,
				1.633,
				5.746,
				1,
				1.778,
				5.746,
				1.922,
				2.656,
				2.067,
				2.656,
				1,
				2.089,
				2.656,
				2.111,
				2.809,
				2.133,
				2.809
			]
		},
		{
			"Target": "Parameter",
			"Id": "Param43",
			"Segments": [
				0,
				0,
				1,
				0.078,
				0,
				0.156,
				0.459,
				0.233,
				0.459,
				1,
				0.356,
				0.459,
				0.478,
				-0.213,
				0.6,
				-0.213,
				1,
				0.756,
				-0.213,
				0.911,
				0.473,
				1.067,
				0.473,
				1,
				1.233,
				0.473,
				1.4,
				-1.208,
				1.567,
				-1.208,
				1,
				1.667,
				-1.208,
				1.767,
				1.268,
				1.867,
				1.268,
				1,
				1.956,
				1.268,
				2.044,
				-0.929,
				2.133,
				-0.929
			]
		},
		{
			"Target": "Parameter",
			"Id": "Param44",
			"Segments": [
				0,
				-0.003,
				1,
				0.1,
				-0.003,
				0.2,
				0.125,
				0.3,
				0.125,
				1,
				0.433,
				0.125,
				0.567,
				-0.417,
				0.7,
				-0.417,
				1,
				0.856,
				-0.417,
				1.011,
				0.432,
				1.167,
				0.432,
				1,
				1.322,
				0.432,
				1.478,
				-0.577,
				1.633,
				-0.577,
				1,
				1.756,
				-0.577,
				1.878,
				1.106,
				2,
				1.106,
				1,
				2.044,
				1.106,
				2.089,
				0.344,
				2.133,
				0.344
			]
		},
		{
			"Target": "Parameter",
			"Id": "Param45",
			"Segments": [
				0,
				3.491,
				1,
				0.133,
				3.491,
				0.267,
				2.215,
				0.4,
				2.215,
				1,
				0.578,
				2.215,
				0.756,
				4.008,
				0.933,
				4.008,
				1,
				1.067,
				4.008,
				1.2,
				3.366,
				1.333,
				3.366,
				1,
				1.433,
				3.366,
				1.533,
				5.746,
				1.633,
				5.746,
				1,
				1.778,
				5.746,
				1.922,
				2.656,
				2.067,
				2.656,
				1,
				2.089,
				2.656,
				2.111,
				2.809,
				2.133,
				2.809
			]
		},
		{
			"Target": "Parameter",
			"Id": "Param46",
			"Segments": [
				0,
				0,
				1,
				0.078,
				0,
				0.156,
				0.459,
				0.233,
				0.459,
				1,
				0.356,
				0.459,
				0.478,
				-0.213,
				0.6,
				-0.213,
				1,
				0.756,
				-0.213,
				0.911,
				0.473,
				1.067,
				0.473,
				1,
				1.233,
				0.473,
				1.4,
				-1.208,
				1.567,
				-1.208,
				1,
				1.667,
				-1.208,
				1.767,
				1.268,
				1.867,
				1.268,
				1,
				1.956,
				1.268,
				2.044,
				-0.929,
				2.133,
				-0.929
			]
		},
		{
			"Target": "Parameter",
			"Id": "Param49",
			"Segments": [
				0,
				-0.001,
				1,
				0.222,
				-0.001,
				0.444,
				1.208,
				0.667,
				1.208,
				1,
				0.844,
				1.208,
				1.022,
				-0.513,
				1.2,
				-0.513,
				1,
				1.333,
				-0.513,
				1.467,
				0.148,
				1.6,
				0.148,
				1,
				1.744,
				0.148,
				1.889,
				-1.665,
				2.033,
				-1.665,
				1,
				2.067,
				-1.665,
				2.1,
				-1.47,
				2.133,
				-1.47
			]
		},
		{
			"Target": "Parameter",
			"Id": "Param47",
			"Segments": [
				0,
				0,
				1,
				0.167,
				0,
				0.333,
				1.163,
				0.5,
				1.163,
				1,
				0.667,
				1.163,
				0.833,
				-0.635,
				1,
				-0.635,
				1,
				1.144,
				-0.635,
				1.289,
				0.283,
				1.433,
				0.283,
				1,
				1.589,
				0.283,
				1.744,
				-1.779,
				1.9,
				-1.779,
				1,
				1.978,
				-1.779,
				2.056,
				-0.025,
				2.133,
				-0.025
			]
		},
		{
			"Target": "Parameter",
			"Id": "Param48",
			"Segments": [
				0,
				-0.001,
				1,
				0.222,
				-0.001,
				0.444,
				1.812,
				0.667,
				1.812,
				1,
				0.844,
				1.812,
				1.022,
				-0.77,
				1.2,
				-0.77,
				1,
				1.333,
				-0.77,
				1.467,
				0.223,
				1.6,
				0.223,
				1,
				1.744,
				0.223,
				1.889,
				-2.497,
				2.033,
				-2.497,
				1,
				2.067,
				-2.497,
				2.1,
				-2.205,
				2.133,
				-2.205
			]
		},
		{
			"Target": "Parameter",
			"Id": "Param51",
			"Segments": [
				0,
				3.491,
				1,
				0.133,
				3.491,
				0.267,
				2.215,
				0.4,
				2.215,
				1,
				0.578,
				2.215,
				0.756,
				4.008,
				0.933,
				4.008,
				1,
				1.067,
				4.008,
				1.2,
				3.366,
				1.333,
				3.366,
				1,
				1.433,
				3.366,
				1.533,
				5.746,
				1.633,
				5.746,
				1,
				1.778,
				5.746,
				1.922,
				2.656,
				2.067,
				2.656,
				1,
				2.089,
				2.656,
				2.111,
				2.809,
				2.133,
				2.809
			]
		},
		{
			"Target": "Parameter",
			"Id": "Param52",
			"Segments": [
				0,
				0,
				1,
				0.078,
				0,
				0.156,
				0.525,
				0.233,
				0.525,
				1,
				0.356,
				0.525,
				0.478,
				-0.243,
				0.6,
				-0.243,
				1,
				0.756,
				-0.243,
				0.911,
				0.54,
				1.067,
				0.54,
				1,
				1.233,
				0.54,
				1.4,
				-1.381,
				1.567,
				-1.381,
				1,
				1.667,
				-1.381,
				1.767,
				1.45,
				1.867,
				1.45,
				1,
				1.956,
				1.45,
				2.044,
				-1.062,
				2.133,
				-1.062
			]
		},
		{
			"Target": "Parameter",
			"Id": "Param53",
			"Segments": [
				0,
				1.745,
				1,
				0.133,
				1.745,
				0.267,
				1.107,
				0.4,
				1.107,
				1,
				0.578,
				1.107,
				0.756,
				2.004,
				0.933,
				2.004,
				1,
				1.067,
				2.004,
				1.2,
				1.683,
				1.333,
				1.683,
				1,
				1.433,
				1.683,
				1.533,
				2.873,
				1.633,
				2.873,
				1,
				1.778,
				2.873,
				1.922,
				1.328,
				2.067,
				1.328,
				1,
				2.089,
				1.328,
				2.111,
				1.404,
				2.133,
				1.404
			]
		},
		{
			"Target": "Parameter",
			"Id": "Param54",
			"Segments": [
				0,
				0,
				1,
				0.078,
				0,
				0.156,
				0.262,
				0.233,
				0.262,
				1,
				0.356,
				0.262,
				0.478,
				-0.121,
				0.6,
				-0.121,
				1,
				0.756,
				-0.121,
				0.911,
				0.27,
				1.067,
				0.27,
				1,
				1.233,
				0.27,
				1.4,
				-0.69,
				1.567,
				-0.69,
				1,
				1.667,
				-0.69,
				1.767,
				0.725,
				1.867,
				0.725,
				1,
				1.956,
				0.725,
				2.044,
				-0.531,
				2.133,
				-0.531
			]
		},
		{
			"Target": "Parameter",
			"Id": "Param55",
			"Segments": [
				0,
				-0.003,
				1,
				0.1,
				-0.003,
				0.2,
				0.167,
				0.3,
				0.167,
				1,
				0.433,
				0.167,
				0.567,
				-0.556,
				0.7,
				-0.556,
				1,
				0.856,
				-0.556,
				1.011,
				0.576,
				1.167,
				0.576,
				1,
				1.322,
				0.576,
				1.478,
				-0.77,
				1.633,
				-0.77,
				1,
				1.756,
				-0.77,
				1.878,
				1.475,
				2,
				1.475,
				1,
				2.044,
				1.475,
				2.089,
				0.459,
				2.133,
				0.459
			]
		},
		{
			"Target": "Parameter",
			"Id": "Param56",
			"Segments": [
				0,
				-0.003,
				1,
				0.1,
				-0.003,
				0.2,
				0.167,
				0.3,
				0.167,
				1,
				0.433,
				0.167,
				0.567,
				-0.556,
				0.7,
				-0.556,
				1,
				0.856,
				-0.556,
				1.011,
				0.576,
				1.167,
				0.576,
				1,
				1.322,
				0.576,
				1.478,
				-0.77,
				1.633,
				-0.77,
				1,
				1.756,
				-0.77,
				1.878,
				1.475,
				2,
				1.475,
				1,
				2.044,
				1.475,
				2.089,
				0.459,
				2.133,
				0.459
			]
		},
		{
			"Target": "Parameter",
			"Id": "Param57",
			"Segments": [
				0,
				-0.003,
				1,
				0.1,
				-0.003,
				0.2,
				0.167,
				0.3,
				0.167,
				1,
				0.433,
				0.167,
				0.567,
				-0.556,
				0.7,
				-0.556,
				1,
				0.856,
				-0.556,
				1.011,
				0.576,
				1.167,
				0.576,
				1,
				1.322,
				0.576,
				1.478,
				-0.77,
				1.633,
				-0.77,
				1,
				1.756,
				-0.77,
				1.878,
				1.475,
				2,
				1.475,
				1,
				2.044,
				1.475,
				2.089,
				0.459,
				2.133,
				0.459
			]
		},
		{
			"Target": "Parameter",
			"Id": "Param58",
			"Segments": [
				0,
				-0.003,
				1,
				0.1,
				-0.003,
				0.2,
				0.167,
				0.3,
				0.167,
				1,
				0.433,
				0.167,
				0.567,
				-0.556,
				0.7,
				-0.556,
				1,
				0.856,
				-0.556,
				1.011,
				0.576,
				1.167,
				0.576,
				1,
				1.322,
				0.576,
				1.478,
				-0.77,
				1.633,
				-0.77,
				1,
				1.756,
				-0.77,
				1.878,
				1.475,
				2,
				1.475,
				1,
				2.044,
				1.475,
				2.089,
				0.459,
				2.133,
				0.459
			]
		},
		{
			"Target": "Parameter",
			"Id": "Param59",
			"Segments": [
				0,
				-0.003,
				1,
				0.1,
				-0.003,
				0.2,
				0.167,
				0.3,
				0.167,
				1,
				0.433,
				0.167,
				0.567,
				-0.556,
				0.7,
				-0.556,
				1,
				0.856,
				-0.556,
				1.011,
				0.576,
				1.167,
				0.576,
				1,
				1.322,
				0.576,
				1.478,
				-0.77,
				1.633,
				-0.77,
				1,
				1.756,
				-0.77,
				1.878,
				1.475,
				2,
				1.475,
				1,
				2.044,
				1.475,
				2.089,
				0.459,
				2.133,
				0.459
			]
		},
		{
			"Target": "Parameter",
			"Id": "Param60",
			"Segments": [
				0,
				-0.003,
				1,
				0.1,
				-0.003,
				0.2,
				0.167,
				0.3,
				0.167,
				1,
				0.433,
				0.167,
				0.567,
				-0.556,
				0.7,
				-0.556,
				1,
				0.856,
				-0.556,
				1.011,
				0.576,
				1.167,
				0.576,
				1,
				1.322,
				0.576,
				1.478,
				-0.77,
				1.633,
				-0.77,
				1,
				1.756,
				-0.77,
				1.878,
				1.475,
				2,
				1.475,
				1,
				2.044,
				1.475,
				2.089,
				0.459,
				2.133,
				0.459
			]
		},
		{
			"Target": "Parameter",
			"Id": "Param61",
			"Segments": [
				0,
				-0.002,
				1,
				0.1,
				-0.002,
				0.2,
				0.1,
				0.3,
				0.1,
				1,
				0.433,
				0.1,
				0.567,
				-0.334,
				0.7,
				-0.334,
				1,
				0.856,
				-0.334,
				1.011,
				0.345,
				1.167,
				0.345,
				1,
				1.322,
				0.345,
				1.478,
				-0.462,
				1.633,
				-0.462,
				1,
				1.756,
				-0.462,
				1.878,
				0.885,
				2,
				0.885,
				1,
				2.044,
				0.885,
				2.089,
				0.276,
				2.133,
				0.276
			]
		},
		{
			"Target": "Parameter",
			"Id": "Param62",
			"Segments": [
				0,
				-0.002,
				1,
				0.1,
				-0.002,
				0.2,
				0.1,
				0.3,
				0.1,
				1,
				0.433,
				0.1,
				0.567,
				-0.334,
				0.7,
				-0.334,
				1,
				0.856,
				-0.334,
				1.011,
				0.345,
				1.167,
				0.345,
				1,
				1.322,
				0.345,
				1.478,
				-0.462,
				1.633,
				-0.462,
				1,
				1.756,
				-0.462,
				1.878,
				0.885,
				2,
				0.885,
				1,
				2.044,
				0.885,
				2.089,
				0.276,
				2.133,
				0.276
			]
		},
		{
			"Target": "Parameter",
			"Id": "Param63",
			"Segments": [
				0,
				-0.002,
				1,
				0.1,
				-0.002,
				0.2,
				0.1,
				0.3,
				0.1,
				1,
				0.433,
				0.1,
				0.567,
				-0.334,
				0.7,
				-0.334,
				1,
				0.856,
				-0.334,
				1.011,
				0.345,
				1.167,
				0.345,
				1,
				1.322,
				0.345,
				1.478,
				-0.462,
				1.633,
				-0.462,
				1,
				1.756,
				-0.462,
				1.878,
				0.885,
				2,
				0.885,
				1,
				2.044,
				0.885,
				2.089,
				0.276,
				2.133,
				0.276
			]
		},
		{
			"Target": "Parameter",
			"Id": "Param64",
			"Segments": [
				0,
				-0.005,
				1,
				0.1,
				-0.005,
				0.2,
				0.25,
				0.3,
				0.25,
				1,
				0.433,
				0.25,
				0.567,
				-0.834,
				0.7,
				-0.834,
				1,
				0.856,
				-0.834,
				1.011,
				0.864,
				1.167,
				0.864,
				1,
				1.322,
				0.864,
				1.478,
				-1.155,
				1.633,
				-1.155,
				1,
				1.756,
				-1.155,
				1.878,
				2.212,
				2,
				2.212,
				1,
				2.044,
				2.212,
				2.089,
				0.689,
				2.133,
				0.689
			]
		},
		{
			"Target": "Parameter",
			"Id": "Param65",
			"Segments": [
				0,
				-0.005,
				1,
				0.1,
				-0.005,
				0.2,
				0.25,
				0.3,
				0.25,
				1,
				0.433,
				0.25,
				0.567,
				-0.834,
				0.7,
				-0.834,
				1,
				0.856,
				-0.834,
				1.011,
				0.864,
				1.167,
				0.864,
				1,
				1.322,
				0.864,
				1.478,
				-1.155,
				1.633,
				-1.155,
				1,
				1.756,
				-1.155,
				1.878,
				2.212,
				2,
				2.212,
				1,
				2.044,
				2.212,
				2.089,
				0.689,
				2.133,
				0.689
			]
		},
		{
			"Target": "Parameter",
			"Id": "Param68",
			"Segments": [
				0,
				0,
				1,
				0.711,
				0,
				1.422,
				0,
				2.133,
				0
			]
		},
		{
			"Target": "Parameter",
			"Id": "Param67",
			"Segments": [
				0,
				0,
				1,
				0.711,
				0,
				1.422,
				0,
				2.133,
				0
			]
		},
		{
			"Target": "Parameter",
			"Id": "Param73",
			"Segments": [
				0,
				0,
				1,
				0.711,
				0,
				1.422,
				0,
				2.133,
				0
			]
		},
		{
			"Target": "Parameter",
			"Id": "Param69",
			"Segments": [
				0,
				0,
				1,
				0.211,
				0,
				0.422,
				-6.349,
				0.633,
				-6.349,
				1,
				1.022,
				-6.349,
				1.411,
				7.199,
				1.8,
				7.199,
				1,
				1.911,
				7.199,
				2.022,
				3.707,
				2.133,
				3.707
			]
		},
		{
			"Target": "Parameter",
			"Id": "Param70",
			"Segments": [
				0,
				0,
				1,
				0.211,
				0,
				0.422,
				-4.973,
				0.633,
				-4.973,
				1,
				1.022,
				-4.973,
				1.411,
				5.677,
				1.8,
				5.677,
				1,
				1.911,
				5.677,
				2.022,
				2.922,
				2.133,
				2.922
			]
		},
		{
			"Target": "Parameter",
			"Id": "Param79",
			"Segments": [
				0,
				0,
				1,
				0.711,
				0,
				1.422,
				0,
				2.133,
				0
			]
		},
		{
			"Target": "Parameter",
			"Id": "Param78",
			"Segments": [
				0,
				0,
				1,
				0.711,
				0,
				1.422,
				0,
				2.133,
				0
			]
		},
		{
			"Target": "Parameter",
			"Id": "Param80",
			"Segments": [
				0,
				0,
				1,
				0.711,
				0,
				1.422,
				0,
				2.133,
				0
			]
		},
		{
			"Target": "Parameter",
			"Id": "Param85",
			"Segments": [
				0,
				0,
				1,
				0.711,
				0,
				1.422,
				0,
				2.133,
				0
			]
		},
		{
			"Target": "Parameter",
			"Id": "Param86",
			"Segments": [
				0,
				0,
				1,
				0.711,
				0,
				1.422,
				0,
				2.133,
				0
			]
		},
		{
			"Target": "Parameter",
			"Id": "Param87",
			"Segments": [
				0,
				0,
				1,
				0.711,
				0,
				1.422,
				0,
				2.133,
				0
			]
		},
		{
			"Target": "Parameter",
			"Id": "Param81",
			"Segments": [
				0,
				0,
				1,
				0.211,
				0,
				0.422,
				-6.349,
				0.633,
				-6.349,
				1,
				1.022,
				-6.349,
				1.411,
				7.199,
				1.8,
				7.199,
				1,
				1.911,
				7.199,
				2.022,
				3.707,
				2.133,
				3.707
			]
		},
		{
			"Target": "Parameter",
			"Id": "Param82",
			"Segments": [
				0,
				0,
				1,
				0.211,
				0,
				0.422,
				-4.973,
				0.633,
				-4.973,
				1,
				1.022,
				-4.973,
				1.411,
				5.677,
				1.8,
				5.677,
				1,
				1.911,
				5.677,
				2.022,
				2.922,
				2.133,
				2.922
			]
		},
		{
			"Target": "Parameter",
			"Id": "Param126",
			"Segments": [
				0,
				0,
				1,
				0.167,
				0,
				0.333,
				1,
				0.5,
				1,
				1,
				0.878,
				1,
				1.256,
				1,
				1.633,
				1,
				1,
				1.767,
				1,
				1.9,
				0,
				2.033,
				0,
				0,
				2.133,
				0
			]
		},
		{
			"Target": "Parameter",
			"Id": "Param101",
			"Segments": [
				0,
				0,
				0,
				0.133,
				0,
				1,
				0.267,
				0,
				0.4,
				1,
				0.533,
				1,
				1,
				0.867,
				1,
				1.2,
				1,
				1.533,
				1,
				1,
				1.689,
				1,
				1.844,
				0,
				2,
				0,
				0,
				2.133,
				0
			]
		},
		{
			"Target": "Parameter",
			"Id": "Param91",
			"Segments": [
				0,
				0,
				0,
				2.133,
				0.5
			]
		},
		{
			"Target": "Parameter",
			"Id": "Param92",
			"Segments": [
				0,
				0.1,
				0,
				2.133,
				0.1
			]
		},
		{
			"Target": "Parameter",
			"Id": "Param93",
			"Segments": [
				0,
				0,
				1,
				0.044,
				0,
				0.089,
				0,
				0.133,
				0,
				1,
				0.256,
				0,
				0.378,
				30,
				0.5,
				30,
				1,
				0.878,
				30,
				1.256,
				30,
				1.633,
				30,
				1,
				1.744,
				30,
				1.856,
				0,
				1.967,
				0,
				1,
				2.022,
				0,
				2.078,
				0,
				2.133,
				0
			]
		},
		{
			"Target": "Parameter",
			"Id": "Param94",
			"Segments": [
				0,
				0.021,
				1,
				0.022,
				0.021,
				0.044,
				0.023,
				0.067,
				0.023,
				1,
				0.178,
				0.023,
				0.289,
				-4.97,
				0.4,
				-4.97,
				1,
				0.533,
				-4.97,
				0.667,
				3.615,
				0.8,
				3.615,
				1,
				0.967,
				3.615,
				1.133,
				-1.661,
				1.3,
				-1.661,
				1,
				1.478,
				-1.661,
				1.656,
				4.971,
				1.833,
				4.971,
				1,
				1.933,
				4.971,
				2.033,
				-2.848,
				2.133,
				-2.848
			]
		},
		{
			"Target": "Parameter",
			"Id": "Param95",
			"Segments": [
				0,
				0,
				1,
				0.278,
				0,
				0.556,
				0,
				0.833,
				0,
				1,
				0.889,
				0,
				0.944,
				0.401,
				1,
				0.401,
				1,
				1.1,
				0.401,
				1.2,
				0,
				1.3,
				0,
				1,
				1.389,
				0,
				1.478,
				0,
				1.567,
				0,
				1,
				1.622,
				0,
				1.678,
				1,
				1.733,
				1,
				1,
				1.867,
				1,
				2,
				1,
				2.133,
				1
			]
		},
		{
			"Target": "Parameter",
			"Id": "Param96",
			"Segments": [
				0,
				0,
				1,
				0.044,
				0,
				0.089,
				0,
				0.133,
				0,
				1,
				0.256,
				0,
				0.378,
				30,
				0.5,
				30,
				1,
				0.878,
				30,
				1.256,
				30,
				1.633,
				30,
				1,
				1.744,
				30,
				1.856,
				0,
				1.967,
				0,
				1,
				2.022,
				0,
				2.078,
				0,
				2.133,
				0
			]
		},
		{
			"Target": "Parameter",
			"Id": "Param97",
			"Segments": [
				0,
				0.021,
				1,
				0.022,
				0.021,
				0.044,
				0.023,
				0.067,
				0.023,
				1,
				0.178,
				0.023,
				0.289,
				-4.97,
				0.4,
				-4.97,
				1,
				0.533,
				-4.97,
				0.667,
				3.615,
				0.8,
				3.615,
				1,
				0.967,
				3.615,
				1.133,
				-1.661,
				1.3,
				-1.661,
				1,
				1.478,
				-1.661,
				1.656,
				4.971,
				1.833,
				4.971,
				1,
				1.933,
				4.971,
				2.033,
				-2.848,
				2.133,
				-2.848
			]
		},
		{
			"Target": "Parameter",
			"Id": "Param98",
			"Segments": [
				0,
				0,
				1,
				0.278,
				0,
				0.556,
				0,
				0.833,
				0,
				1,
				0.889,
				0,
				0.944,
				0.401,
				1,
				0.401,
				1,
				1.1,
				0.401,
				1.2,
				0,
				1.3,
				0,
				1,
				1.389,
				0,
				1.478,
				0,
				1.567,
				0,
				1,
				1.622,
				0,
				1.678,
				1,
				1.733,
				1,
				1,
				1.867,
				1,
				2,
				1,
				2.133,
				1
			]
		},
		{
			"Target": "Parameter",
			"Id": "Param99",
			"Segments": [
				0,
				0,
				1,
				0.044,
				0,
				0.089,
				0,
				0.133,
				0,
				1,
				0.256,
				0,
				0.378,
				30,
				0.5,
				30,
				1,
				0.878,
				30,
				1.256,
				30,
				1.633,
				30,
				1,
				1.744,
				30,
				1.856,
				0,
				1.967,
				0,
				1,
				2.022,
				0,
				2.078,
				0,
				2.133,
				0
			]
		},
		{
			"Target": "Parameter",
			"Id": "Param100",
			"Segments": [
				0,
				0.021,
				1,
				0.022,
				0.021,
				0.044,
				0.023,
				0.067,
				0.023,
				1,
				0.178,
				0.023,
				0.289,
				-4.97,
				0.4,
				-4.97,
				1,
				0.533,
				-4.97,
				0.667,
				3.615,
				0.8,
				3.615,
				1,
				0.967,
				3.615,
				1.133,
				-1.661,
				1.3,
				-1.661,
				1,
				1.478,
				-1.661,
				1.656,
				4.971,
				1.833,
				4.971,
				1,
				1.933,
				4.971,
				2.033,
				-2.848,
				2.133,
				-2.848
			]
		},
		{
			"Target": "Parameter",
			"Id": "Param102",
			"Segments": [
				0,
				0,
				1,
				0.211,
				0,
				0.422,
				-6.349,
				0.633,
				-6.349,
				1,
				1.022,
				-6.349,
				1.411,
				7.199,
				1.8,
				7.199,
				1,
				1.911,
				7.199,
				2.022,
				3.707,
				2.133,
				3.707
			]
		},
		{
			"Target": "Parameter",
			"Id": "Param103",
			"Segments": [
				0,
				0,
				1,
				0.211,
				0,
				0.422,
				-4.973,
				0.633,
				-4.973,
				1,
				1.022,
				-4.973,
				1.411,
				5.677,
				1.8,
				5.677,
				1,
				1.911,
				5.677,
				2.022,
				2.922,
				2.133,
				2.922
			]
		},
		{
			"Target": "Parameter",
			"Id": "Param106",
			"Segments": [
				0,
				0,
				1,
				0.711,
				0,
				1.422,
				0,
				2.133,
				0
			]
		},
		{
			"Target": "Parameter",
			"Id": "Param107",
			"Segments": [
				0,
				0,
				1,
				0.711,
				0,
				1.422,
				0,
				2.133,
				0
			]
		},
		{
			"Target": "Parameter",
			"Id": "Param108",
			"Segments": [
				0,
				0,
				1,
				0.711,
				0,
				1.422,
				0,
				2.133,
				0
			]
		},
		{
			"Target": "Parameter",
			"Id": "Param109",
			"Segments": [
				0,
				0,
				1,
				0.211,
				0,
				0.422,
				-6.349,
				0.633,
				-6.349,
				1,
				1.022,
				-6.349,
				1.411,
				7.199,
				1.8,
				7.199,
				1,
				1.911,
				7.199,
				2.022,
				3.707,
				2.133,
				3.707
			]
		},
		{
			"Target": "Parameter",
			"Id": "Param110",
			"Segments": [
				0,
				0,
				1,
				0.211,
				0,
				0.422,
				-4.973,
				0.633,
				-4.973,
				1,
				1.022,
				-4.973,
				1.411,
				5.677,
				1.8,
				5.677,
				1,
				1.911,
				5.677,
				2.022,
				2.922,
				2.133,
				2.922
			]
		},
		{
			"Target": "Parameter",
			"Id": "Param113",
			"Segments": [
				0,
				0,
				1,
				0.711,
				0,
				1.422,
				0,
				2.133,
				0
			]
		},
		{
			"Target": "Parameter",
			"Id": "Param114",
			"Segments": [
				0,
				0,
				1,
				0.711,
				0,
				1.422,
				0,
				2.133,
				0
			]
		},
		{
			"Target": "Parameter",
			"Id": "Param116",
			"Segments": [
				0,
				1.309,
				1,
				0.133,
				1.309,
				0.267,
				0.831,
				0.4,
				0.831,
				1,
				0.578,
				0.831,
				0.756,
				1.503,
				0.933,
				1.503,
				1,
				1.067,
				1.503,
				1.2,
				1.262,
				1.333,
				1.262,
				1,
				1.433,
				1.262,
				1.533,
				2.155,
				1.633,
				2.155,
				1,
				1.778,
				2.155,
				1.922,
				0.996,
				2.067,
				0.996,
				1,
				2.089,
				0.996,
				2.111,
				1.053,
				2.133,
				1.053
			]
		},
		{
			"Target": "Parameter",
			"Id": "Param117",
			"Segments": [
				0,
				0,
				1,
				0.078,
				0,
				0.156,
				0.197,
				0.233,
				0.197,
				1,
				0.356,
				0.197,
				0.478,
				-0.091,
				0.6,
				-0.091,
				1,
				0.756,
				-0.091,
				0.911,
				0.203,
				1.067,
				0.203,
				1,
				1.233,
				0.203,
				1.4,
				-0.518,
				1.567,
				-0.518,
				1,
				1.667,
				-0.518,
				1.767,
				0.544,
				1.867,
				0.544,
				1,
				1.956,
				0.544,
				2.044,
				-0.398,
				2.133,
				-0.398
			]
		},
		{
			"Target": "Parameter",
			"Id": "Param120",
			"Segments": [
				0,
				2.618,
				1,
				0.133,
				2.618,
				0.267,
				1.661,
				0.4,
				1.661,
				1,
				0.578,
				1.661,
				0.756,
				3.006,
				0.933,
				3.006,
				1,
				1.067,
				3.006,
				1.2,
				2.525,
				1.333,
				2.525,
				1,
				1.433,
				2.525,
				1.533,
				4.309,
				1.633,
				4.309,
				1,
				1.778,
				4.309,
				1.922,
				1.992,
				2.067,
				1.992,
				1,
				2.089,
				1.992,
				2.111,
				2.107,
				2.133,
				2.107
			]
		},
		{
			"Target": "Parameter",
			"Id": "Param121",
			"Segments": [
				0,
				0,
				1,
				0.078,
				0,
				0.156,
				0.394,
				0.233,
				0.394,
				1,
				0.356,
				0.394,
				0.478,
				-0.182,
				0.6,
				-0.182,
				1,
				0.756,
				-0.182,
				0.911,
				0.405,
				1.067,
				0.405,
				1,
				1.233,
				0.405,
				1.4,
				-1.036,
				1.567,
				-1.036,
				1,
				1.667,
				-1.036,
				1.767,
				1.087,
				1.867,
				1.087,
				1,
				1.956,
				1.087,
				2.044,
				-0.796,
				2.133,
				-0.796
			]
		},
		{
			"Target": "Parameter",
			"Id": "Param128",
			"Segments": [
				0,
				0,
				1,
				0.133,
				0,
				0.267,
				1,
				0.4,
				1,
				1,
				0.767,
				1,
				1.133,
				1,
				1.5,
				1,
				1,
				1.711,
				1,
				1.922,
				0,
				2.133,
				0
			]
		},
		{
			"Target": "Parameter",
			"Id": "Param127",
			"Segments": [
				0,
				-24.19,
				1,
				0.711,
				-24.19,
				1.422,
				-24.19,
				2.133,
				-24.19
			]
		},
		{
			"Target": "Parameter",
			"Id": "Param_Angle_Rotation_1_ArtMesh235",
			"Segments": [
				0,
				-13.028,
				1,
				0.011,
				-13.028,
				0.022,
				-13.029,
				0.033,
				-13.029,
				1,
				0.3,
				-13.029,
				0.567,
				-12.926,
				0.833,
				-12.926,
				1,
				1.1,
				-12.926,
				1.367,
				-12.971,
				1.633,
				-12.971,
				1,
				1.8,
				-12.971,
				1.967,
				-12.956,
				2.133,
				-12.956
			]
		},
		{
			"Target": "Parameter",
			"Id": "Param_Angle_Rotation_2_ArtMesh235",
			"Segments": [
				0,
				0.288,
				1,
				0.144,
				0.288,
				0.289,
				-0.614,
				0.433,
				-0.614,
				1,
				0.7,
				-0.614,
				0.967,
				0.302,
				1.233,
				0.302,
				1,
				1.5,
				0.302,
				1.767,
				-0.147,
				2.033,
				-0.147,
				1,
				2.067,
				-0.147,
				2.1,
				-0.133,
				2.133,
				-0.133
			]
		},
		{
			"Target": "Parameter",
			"Id": "Param_Angle_Rotation_3_ArtMesh235",
			"Segments": [
				0,
				5.341,
				1,
				0.267,
				5.341,
				0.533,
				-3.013,
				0.8,
				-3.013,
				1,
				1.067,
				-3.013,
				1.333,
				1.65,
				1.6,
				1.65,
				1,
				1.778,
				1.65,
				1.956,
				-0.363,
				2.133,
				-0.363
			]
		},
		{
			"Target": "Parameter",
			"Id": "Param_Angle_Rotation_4_ArtMesh235",
			"Segments": [
				0,
				-1.797,
				1,
				0.133,
				-1.797,
				0.267,
				17.268,
				0.4,
				17.268,
				1,
				0.656,
				17.268,
				0.911,
				-10.86,
				1.167,
				-10.86,
				1,
				1.433,
				-10.86,
				1.7,
				6.573,
				1.967,
				6.573,
				1,
				2.022,
				6.573,
				2.078,
				5.364,
				2.133,
				5.364
			]
		},
		{
			"Target": "Parameter",
			"Id": "Param_Angle_Rotation_5_ArtMesh235",
			"Segments": [
				0,
				-45,
				1,
				0.044,
				-45,
				0.089,
				-45,
				0.133,
				-45,
				1,
				0.344,
				-45,
				0.556,
				43.772,
				0.767,
				43.772,
				1,
				1.033,
				43.772,
				1.3,
				-30.596,
				1.567,
				-30.596,
				1,
				1.756,
				-30.596,
				1.944,
				12.765,
				2.133,
				12.765
			]
		},
		{
			"Target": "Parameter",
			"Id": "Param_Angle_Rotation_6_ArtMesh235",
			"Segments": [
				0,
				-23.94,
				1,
				0.022,
				-23.94,
				0.044,
				-45,
				0.067,
				-45,
				1,
				0.244,
				-45,
				0.422,
				-45,
				0.6,
				-45,
				1,
				0.7,
				-45,
				0.8,
				45,
				0.9,
				45,
				1,
				1.067,
				45,
				1.233,
				45,
				1.4,
				45,
				1,
				1.522,
				45,
				1.644,
				-45,
				1.767,
				-45,
				1,
				1.889,
				-45,
				2.011,
				-45,
				2.133,
				-45
			]
		},
		{
			"Target": "Parameter",
			"Id": "Param_Angle_Rotation_7_ArtMesh235",
			"Segments": [
				0,
				45,
				1,
				0.056,
				45,
				0.111,
				45,
				0.167,
				45,
				1,
				0.233,
				45,
				0.3,
				-45,
				0.367,
				-45,
				1,
				0.578,
				-45,
				0.789,
				-45,
				1,
				-45,
				1,
				1.067,
				-45,
				1.133,
				45,
				1.2,
				45,
				1,
				1.4,
				45,
				1.6,
				45,
				1.8,
				45,
				1,
				1.878,
				45,
				1.956,
				-45,
				2.033,
				-45,
				1,
				2.067,
				-45,
				2.1,
				-45,
				2.133,
				-45
			]
		},
		{
			"Target": "Parameter",
			"Id": "Param_Angle_Rotation_8_ArtMesh235",
			"Segments": [
				0,
				45,
				1,
				0.133,
				45,
				0.267,
				45,
				0.4,
				45,
				1,
				0.478,
				45,
				0.556,
				-45,
				0.633,
				-45,
				1,
				0.933,
				-45,
				1.233,
				-45,
				1.533,
				-45,
				1,
				1.578,
				-45,
				1.622,
				45,
				1.667,
				45,
				1,
				1.822,
				45,
				1.978,
				45,
				2.133,
				45
			]
		},
		{
			"Target": "Parameter",
			"Id": "Param_Angle_Rotation_9_ArtMesh235",
			"Segments": [
				0,
				35.777,
				1,
				0.011,
				35.777,
				0.022,
				45,
				0.033,
				45,
				1,
				0.211,
				45,
				0.389,
				45,
				0.567,
				45,
				1,
				0.667,
				45,
				0.767,
				-45,
				0.867,
				-45,
				1,
				0.944,
				-45,
				1.022,
				-45,
				1.1,
				-45,
				1,
				1.111,
				-45,
				1.122,
				45,
				1.133,
				45,
				1,
				1.2,
				45,
				1.267,
				45,
				1.333,
				45,
				1,
				1.378,
				45,
				1.422,
				-45,
				1.467,
				-45,
				1,
				1.589,
				-45,
				1.711,
				-45,
				1.833,
				-45,
				1,
				1.889,
				-45,
				1.944,
				45,
				2,
				45,
				1,
				2.044,
				45,
				2.089,
				45,
				2.133,
				45
			]
		},
		{
			"Target": "Parameter",
			"Id": "Param_Angle_Rotation_10_ArtMesh235",
			"Segments": [
				0,
				25.377,
				1,
				0.022,
				25.377,
				0.044,
				24.589,
				0.067,
				24.589,
				1,
				0.111,
				24.589,
				0.156,
				45,
				0.2,
				45,
				1,
				0.356,
				45,
				0.511,
				45,
				0.667,
				45,
				1,
				0.744,
				45,
				0.822,
				3.871,
				0.9,
				3.871,
				1,
				1.056,
				3.871,
				1.211,
				41.721,
				1.367,
				41.721,
				1,
				1.467,
				41.721,
				1.567,
				-45,
				1.667,
				-45,
				1,
				1.811,
				-45,
				1.956,
				-45,
				2.1,
				-45,
				1,
				2.111,
				-45,
				2.122,
				-26.189,
				2.133,
				-26.189
			]
		},
		{
			"Target": "Parameter",
			"Id": "Param_Angle_Rotation_11_ArtMesh235",
			"Segments": [
				0,
				45,
				1,
				0.156,
				45,
				0.311,
				45,
				0.467,
				45,
				1,
				0.478,
				45,
				0.489,
				-45,
				0.5,
				-45,
				1,
				0.522,
				-45,
				0.544,
				-45,
				0.567,
				-45,
				1,
				0.6,
				-45,
				0.633,
				45,
				0.667,
				45,
				1,
				0.778,
				45,
				0.889,
				45,
				1,
				45,
				1,
				1.1,
				45,
				1.2,
				-4.523,
				1.3,
				-4.523,
				1,
				1.389,
				-4.523,
				1.478,
				22.009,
				1.567,
				22.009,
				1,
				1.689,
				22.009,
				1.811,
				-45,
				1.933,
				-45,
				1,
				2,
				-45,
				2.067,
				-45,
				2.133,
				-45
			]
		}
	]
}