{
	"Version": 3,
	"Parameters": [
		{
			"Id": "ParamAngleX",
			"GroupId": "",
			"Name": "角度 X"
		},
		{
			"Id": "ParamAngleY",
			"GroupId": "",
			"Name": "角度 Y"
		},
		{
			"Id": "ParamAngleZ",
			"GroupId": "",
			"Name": "角度 Z"
		},
		{
			"Id": "ParamEyeLOpen",
			"GroupId": "",
			"Name": "左眼　开闭"
		},
		{
			"Id": "ParamEyeLSmile",
			"GroupId": "",
			"Name": "左眼　微笑"
		},
		{
			"Id": "ParamEyeROpen",
			"GroupId": "",
			"Name": "右眼"
		},
		{
			"Id": "ParamEyeRSmile",
			"GroupId": "",
			"Name": "右眼　微笑"
		},
		{
			"Id": "ParamCheek",
			"GroupId": "",
			"Name": "脸颊泛红"
		},
		{
			"Id": "ParamBodyAngleX",
			"GroupId": "",
			"Name": "身体旋转　X"
		},
		{
			"Id": "ParamBodyAngleY",
			"GroupId": "",
			"Name": "身体旋转　Y"
		},
		{
			"Id": "ParamBodyAngleZ",
			"GroupId": "",
			"Name": "身体旋转　Z"
		},
		{
			"Id": "ParamBreath",
			"GroupId": "",
			"Name": "呼吸"
		},
		{
			"Id": "Param11",
			"GroupId": "ParamGroup3",
			"Name": "banboo..."
		},
		{
			"Id": "Param12",
			"GroupId": "ParamGroup3",
			"Name": "气泡"
		},
		{
			"Id": "Param17",
			"GroupId": "ParamGroup4",
			"Name": "上"
		},
		{
			"Id": "Param18",
			"GroupId": "ParamGroup4",
			"Name": "下"
		},
		{
			"Id": "Param19",
			"GroupId": "ParamGroup4",
			"Name": "左"
		},
		{
			"Id": "Param20",
			"GroupId": "ParamGroup4",
			"Name": "右"
		},
		{
			"Id": "ParamMouseX",
			"GroupId": "ParamGroup2",
			"Name": "鼠标X"
		},
		{
			"Id": "ParamMouseY",
			"GroupId": "ParamGroup2",
			"Name": "鼠标Y"
		},
		{
			"Id": "ParamMouseLeftDown",
			"GroupId": "ParamGroup2",
			"Name": "鼠标左键按下"
		},
		{
			"Id": "ParamMouseRightDown",
			"GroupId": "ParamGroup2",
			"Name": "鼠标右键按下"
		},
		{
			"Id": "CatParamLeftHandDown",
			"GroupId": "ParamGroup2",
			"Name": "键盘按下"
		},
		{
			"Id": "Param",
			"GroupId": "ParamGroup",
			"Name": "身体物理x"
		},
		{
			"Id": "Param2",
			"GroupId": "ParamGroup",
			"Name": "身体物理y"
		},
		{
			"Id": "Param9",
			"GroupId": "ParamGroup",
			"Name": "围巾1"
		},
		{
			"Id": "Param10",
			"GroupId": "ParamGroup",
			"Name": "围巾2"
		},
		{
			"Id": "Param3",
			"GroupId": "ParamGroup",
			"Name": "左耳1"
		},
		{
			"Id": "Param4",
			"GroupId": "ParamGroup",
			"Name": "左耳2"
		},
		{
			"Id": "Param5",
			"GroupId": "ParamGroup",
			"Name": "左耳3"
		},
		{
			"Id": "Param6",
			"GroupId": "ParamGroup",
			"Name": "右耳1"
		},
		{
			"Id": "Param7",
			"GroupId": "ParamGroup",
			"Name": "右耳2"
		},
		{
			"Id": "Param8",
			"GroupId": "ParamGroup",
			"Name": "右耳3"
		},
		{
			"Id": "Param13",
			"GroupId": "ParamGroup",
			"Name": "气泡橙1"
		},
		{
			"Id": "Param14",
			"GroupId": "ParamGroup",
			"Name": "气泡橙2"
		},
		{
			"Id": "Param15",
			"GroupId": "ParamGroup",
			"Name": "气泡白1"
		},
		{
			"Id": "Param16",
			"GroupId": "ParamGroup",
			"Name": "气泡白2"
		}
	],
	"ParameterGroups": [
		{
			"Id": "ParamGroup3",
			"GroupId": "",
			"Name": "表情"
		},
		{
			"Id": "ParamGroup4",
			"GroupId": "",
			"Name": "键盘"
		},
		{
			"Id": "ParamGroup2",
			"GroupId": "",
			"Name": "鼠标"
		},
		{
			"Id": "ParamGroup",
			"GroupId": "",
			"Name": "物理"
		}
	],
	"Parts": [
		{
			"Id": "Part",
			"Name": "杂"
		},
		{
			"Id": "Part2",
			"Name": "桌面"
		},
		{
			"Id": "Part6",
			"Name": "邦布本体"
		},
		{
			"Id": "Part3",
			"Name": "键盘按键"
		},
		{
			"Id": "Part4",
			"Name": "鼠标"
		},
		{
			"Id": "Part5",
			"Name": "桌子"
		},
		{
			"Id": "Part7",
			"Name": "围巾"
		},
		{
			"Id": "Part8",
			"Name": "身体"
		}
	],
	"CombinedParameters": [
		[
			"ParamAngleX",
			"ParamAngleY"
		],
		[
			"ParamMouseX",
			"ParamMouseY"
		],
		[
			"Param",
			"Param2"
		],
		[
			"Param13",
			"Param14"
		],
		[
			"Param15",
			"Param16"
		]
	]
}