{
	"Version": 3,
	"Meta": {
		"PhysicsSettingCount": 5,
		"TotalInputCount": 15,
		"TotalOutputCount": 20,
		"VertexCount": 18,
		"Fps": 30,
		"EffectiveForces": {
			"Gravity": {
				"X": 0,
				"Y": -1
			},
			"Wind": {
				"X": 0,
				"Y": 0
			}
		},
		"PhysicsDictionary": [
			{
				"Id": "PhysicsSetting1",
				"Name": "身体物理xyz"
			},
			{
				"Id": "PhysicsSetting2",
				"Name": "耳朵xz"
			},
			{
				"Id": "PhysicsSetting3",
				"Name": "耳朵y"
			},
			{
				"Id": "PhysicsSetting4",
				"Name": "围巾"
			},
			{
				"Id": "PhysicsSetting5",
				"Name": "气泡"
			}
		]
	},
	"PhysicsSettings": [
		{
			"Id": "PhysicsSetting1",
			"Input": [
				{
					"Source": {
						"Target": "Parameter",
						"Id": "ParamAngleX"
					},
					"Weight": 15,
					"Type": "X",
					"Reflect": false
				},
				{
					"Source": {
						"Target": "Parameter",
						"Id": "ParamAngleZ"
					},
					"Weight": 15,
					"Type": "X",
					"Reflect": false
				},
				{
					"Source": {
						"Target": "Parameter",
						"Id": "ParamBreath"
					},
					"Weight": 85,
					"Type": "Angle",
					"Reflect": false
				},
				{
					"Source": {
						"Target": "Parameter",
						"Id": "ParamAngleY"
					},
					"Weight": 15,
					"Type": "X",
					"Reflect": false
				}
			],
			"Output": [
				{
					"Destination": {
						"Target": "Parameter",
						"Id": "Param2"
					},
					"VertexIndex": 1,
					"Scale": 23.078,
					"Weight": 80,
					"Type": "Angle",
					"Reflect": false
				},
				{
					"Destination": {
						"Target": "Parameter",
						"Id": "Param"
					},
					"VertexIndex": 2,
					"Scale": 17.674,
					"Weight": 80,
					"Type": "Angle",
					"Reflect": false
				}
			],
			"Vertices": [
				{
					"Position": {
						"X": 0,
						"Y": 0
					},
					"Mobility": 1,
					"Delay": 1,
					"Acceleration": 1,
					"Radius": 0
				},
				{
					"Position": {
						"X": 0,
						"Y": 10
					},
					"Mobility": 0.95,
					"Delay": 1,
					"Acceleration": 1,
					"Radius": 10
				},
				{
					"Position": {
						"X": 0,
						"Y": 20
					},
					"Mobility": 0.95,
					"Delay": 1,
					"Acceleration": 1,
					"Radius": 10
				}
			],
			"Normalization": {
				"Position": {
					"Minimum": -10,
					"Default": 0,
					"Maximum": 10
				},
				"Angle": {
					"Minimum": -10,
					"Default": 0,
					"Maximum": 10
				}
			}
		},
		{
			"Id": "PhysicsSetting2",
			"Input": [
				{
					"Source": {
						"Target": "Parameter",
						"Id": "ParamAngleX"
					},
					"Weight": 100,
					"Type": "X",
					"Reflect": false
				},
				{
					"Source": {
						"Target": "Parameter",
						"Id": "ParamAngleZ"
					},
					"Weight": 100,
					"Type": "Angle",
					"Reflect": false
				}
			],
			"Output": [
				{
					"Destination": {
						"Target": "Parameter",
						"Id": "Param6"
					},
					"VertexIndex": 1,
					"Scale": 5.371,
					"Weight": 80,
					"Type": "Angle",
					"Reflect": false
				},
				{
					"Destination": {
						"Target": "Parameter",
						"Id": "Param7"
					},
					"VertexIndex": 2,
					"Scale": 3.317,
					"Weight": 80,
					"Type": "Angle",
					"Reflect": false
				},
				{
					"Destination": {
						"Target": "Parameter",
						"Id": "Param8"
					},
					"VertexIndex": 3,
					"Scale": 3.709,
					"Weight": 80,
					"Type": "Angle",
					"Reflect": false
				},
				{
					"Destination": {
						"Target": "Parameter",
						"Id": "Param3"
					},
					"VertexIndex": 1,
					"Scale": 5.371,
					"Weight": 80,
					"Type": "Angle",
					"Reflect": false
				},
				{
					"Destination": {
						"Target": "Parameter",
						"Id": "Param4"
					},
					"VertexIndex": 2,
					"Scale": 3.317,
					"Weight": 80,
					"Type": "Angle",
					"Reflect": false
				},
				{
					"Destination": {
						"Target": "Parameter",
						"Id": "Param5"
					},
					"VertexIndex": 3,
					"Scale": 3.709,
					"Weight": 80,
					"Type": "Angle",
					"Reflect": false
				}
			],
			"Vertices": [
				{
					"Position": {
						"X": 0,
						"Y": 0
					},
					"Mobility": 1,
					"Delay": 1,
					"Acceleration": 1,
					"Radius": 0
				},
				{
					"Position": {
						"X": 0,
						"Y": 10
					},
					"Mobility": 0.95,
					"Delay": 1,
					"Acceleration": 1,
					"Radius": 10
				},
				{
					"Position": {
						"X": 0,
						"Y": 20
					},
					"Mobility": 0.95,
					"Delay": 1,
					"Acceleration": 1,
					"Radius": 10
				},
				{
					"Position": {
						"X": 0,
						"Y": 30
					},
					"Mobility": 0.95,
					"Delay": 1,
					"Acceleration": 1,
					"Radius": 10
				}
			],
			"Normalization": {
				"Position": {
					"Minimum": -10,
					"Default": 0,
					"Maximum": 10
				},
				"Angle": {
					"Minimum": -10,
					"Default": 0,
					"Maximum": 10
				}
			}
		},
		{
			"Id": "PhysicsSetting3",
			"Input": [
				{
					"Source": {
						"Target": "Parameter",
						"Id": "ParamAngleY"
					},
					"Weight": 100,
					"Type": "X",
					"Reflect": false
				}
			],
			"Output": [
				{
					"Destination": {
						"Target": "Parameter",
						"Id": "Param6"
					},
					"VertexIndex": 1,
					"Scale": 5.001,
					"Weight": 25,
					"Type": "Angle",
					"Reflect": true
				},
				{
					"Destination": {
						"Target": "Parameter",
						"Id": "Param7"
					},
					"VertexIndex": 2,
					"Scale": 3.198,
					"Weight": 25,
					"Type": "Angle",
					"Reflect": true
				},
				{
					"Destination": {
						"Target": "Parameter",
						"Id": "Param8"
					},
					"VertexIndex": 3,
					"Scale": 3.198,
					"Weight": 25,
					"Type": "Angle",
					"Reflect": true
				},
				{
					"Destination": {
						"Target": "Parameter",
						"Id": "Param3"
					},
					"VertexIndex": 1,
					"Scale": 5.001,
					"Weight": 25,
					"Type": "Angle",
					"Reflect": false
				},
				{
					"Destination": {
						"Target": "Parameter",
						"Id": "Param4"
					},
					"VertexIndex": 2,
					"Scale": 3.198,
					"Weight": 25,
					"Type": "Angle",
					"Reflect": false
				},
				{
					"Destination": {
						"Target": "Parameter",
						"Id": "Param5"
					},
					"VertexIndex": 3,
					"Scale": 3.198,
					"Weight": 25,
					"Type": "Angle",
					"Reflect": false
				}
			],
			"Vertices": [
				{
					"Position": {
						"X": 0,
						"Y": 0
					},
					"Mobility": 1,
					"Delay": 1,
					"Acceleration": 1,
					"Radius": 0
				},
				{
					"Position": {
						"X": 0,
						"Y": 10
					},
					"Mobility": 0.95,
					"Delay": 1,
					"Acceleration": 1,
					"Radius": 10
				},
				{
					"Position": {
						"X": 0,
						"Y": 20
					},
					"Mobility": 0.95,
					"Delay": 1,
					"Acceleration": 1,
					"Radius": 10
				},
				{
					"Position": {
						"X": 0,
						"Y": 30
					},
					"Mobility": 0.95,
					"Delay": 1,
					"Acceleration": 1,
					"Radius": 10
				}
			],
			"Normalization": {
				"Position": {
					"Minimum": -10,
					"Default": 0,
					"Maximum": 10
				},
				"Angle": {
					"Minimum": -10,
					"Default": 0,
					"Maximum": 10
				}
			}
		},
		{
			"Id": "PhysicsSetting4",
			"Input": [
				{
					"Source": {
						"Target": "Parameter",
						"Id": "ParamAngleX"
					},
					"Weight": 25,
					"Type": "X",
					"Reflect": false
				},
				{
					"Source": {
						"Target": "Parameter",
						"Id": "ParamAngleY"
					},
					"Weight": 25,
					"Type": "X",
					"Reflect": false
				},
				{
					"Source": {
						"Target": "Parameter",
						"Id": "CatParamLeftHandDown"
					},
					"Weight": 50,
					"Type": "X",
					"Reflect": false
				}
			],
			"Output": [
				{
					"Destination": {
						"Target": "Parameter",
						"Id": "Param9"
					},
					"VertexIndex": 1,
					"Scale": 23.425,
					"Weight": 100,
					"Type": "Angle",
					"Reflect": false
				},
				{
					"Destination": {
						"Target": "Parameter",
						"Id": "Param10"
					},
					"VertexIndex": 2,
					"Scale": 22.696,
					"Weight": 100,
					"Type": "Angle",
					"Reflect": false
				}
			],
			"Vertices": [
				{
					"Position": {
						"X": 0,
						"Y": 0
					},
					"Mobility": 1,
					"Delay": 1,
					"Acceleration": 1,
					"Radius": 0
				},
				{
					"Position": {
						"X": 0,
						"Y": 10
					},
					"Mobility": 0.95,
					"Delay": 1,
					"Acceleration": 1,
					"Radius": 10
				},
				{
					"Position": {
						"X": 0,
						"Y": 20
					},
					"Mobility": 0.95,
					"Delay": 1,
					"Acceleration": 1,
					"Radius": 10
				}
			],
			"Normalization": {
				"Position": {
					"Minimum": -10,
					"Default": 0,
					"Maximum": 10
				},
				"Angle": {
					"Minimum": -10,
					"Default": 0,
					"Maximum": 10
				}
			}
		},
		{
			"Id": "PhysicsSetting5",
			"Input": [
				{
					"Source": {
						"Target": "Parameter",
						"Id": "ParamEyeLOpen"
					},
					"Weight": 25,
					"Type": "X",
					"Reflect": false
				},
				{
					"Source": {
						"Target": "Parameter",
						"Id": "ParamEyeROpen"
					},
					"Weight": 25,
					"Type": "X",
					"Reflect": false
				},
				{
					"Source": {
						"Target": "Parameter",
						"Id": "ParamMouseLeftDown"
					},
					"Weight": 15,
					"Type": "X",
					"Reflect": false
				},
				{
					"Source": {
						"Target": "Parameter",
						"Id": "ParamMouseRightDown"
					},
					"Weight": 15,
					"Type": "X",
					"Reflect": false
				},
				{
					"Source": {
						"Target": "Parameter",
						"Id": "CatParamLeftHandDown"
					},
					"Weight": 80,
					"Type": "Angle",
					"Reflect": false
				}
			],
			"Output": [
				{
					"Destination": {
						"Target": "Parameter",
						"Id": "Param13"
					},
					"VertexIndex": 1,
					"Scale": 11.141,
					"Weight": 100,
					"Type": "Angle",
					"Reflect": false
				},
				{
					"Destination": {
						"Target": "Parameter",
						"Id": "Param14"
					},
					"VertexIndex": 2,
					"Scale": 8.715,
					"Weight": 100,
					"Type": "Angle",
					"Reflect": false
				},
				{
					"Destination": {
						"Target": "Parameter",
						"Id": "Param15"
					},
					"VertexIndex": 2,
					"Scale": 8.715,
					"Weight": 100,
					"Type": "Angle",
					"Reflect": false
				},
				{
					"Destination": {
						"Target": "Parameter",
						"Id": "Param16"
					},
					"VertexIndex": 3,
					"Scale": 8.173,
					"Weight": 100,
					"Type": "Angle",
					"Reflect": false
				}
			],
			"Vertices": [
				{
					"Position": {
						"X": 0,
						"Y": 0
					},
					"Mobility": 1,
					"Delay": 1,
					"Acceleration": 1,
					"Radius": 0
				},
				{
					"Position": {
						"X": 0,
						"Y": 10
					},
					"Mobility": 0.95,
					"Delay": 1,
					"Acceleration": 1,
					"Radius": 10
				},
				{
					"Position": {
						"X": 0,
						"Y": 20
					},
					"Mobility": 0.95,
					"Delay": 1,
					"Acceleration": 1,
					"Radius": 10
				},
				{
					"Position": {
						"X": 0,
						"Y": 30
					},
					"Mobility": 0.95,
					"Delay": 1,
					"Acceleration": 1,
					"Radius": 10
				}
			],
			"Normalization": {
				"Position": {
					"Minimum": -10,
					"Default": 0,
					"Maximum": 10
				},
				"Angle": {
					"Minimum": -10,
					"Default": 0,
					"Maximum": 10
				}
			}
		}
	]
}