{
	"Version": 3,
	"Parameters": [
		{
			"Id": "Param2",
			"GroupId": "ParamGroup",
			"Name": "挥手"
		},
		{
			"Id": "Param",
			"GroupId": "ParamGroup",
			"Name": "嘴巴动"
		},
		{
			"Id": "Param3",
			"GroupId": "ParamGroup",
			"Name": "heart"
		},
		{
			"Id": "Param4",
			"GroupId": "ParamGroup",
			"Name": "hearttou"
		},
		{
			"Id": "ParamAngleX",
			"GroupId": "",
			"Name": "角度 X"
		},
		{
			"Id": "ParamAngleY",
			"GroupId": "",
			"Name": "角度 Y"
		},
		{
			"Id": "CatParamRightHandDown",
			"GroupId": "",
			"Name": "右手按下"
		},
		{
			"Id": "CatParamLeftHandDown",
			"GroupId": "",
			"Name": "左手按下"
		},
		{
			"Id": "ParamEyeLOpen",
			"GroupId": "",
			"Name": "左眼　开闭"
		},
		{
			"Id": "ParamEyeROpen",
			"GroupId": "",
			"Name": "右眼"
		},
		{
			"Id": "ParamBreath",
			"GroupId": "",
			"Name": "呼吸"
		}
	],
	"ParameterGroups": [
		{
			"Id": "ParamGroup",
			"GroupId": "",
			"Name": "love you"
		}
	],
	"Parts": [
		{
			"Id": "Part3",
			"Name": "cat.psd(未找到对应图层)"
		},
		{
			"Id": "Part",
			"Name": "键盘 拷贝"
		}
	],
	"CombinedParameters": [
		[
			"ParamAngleX",
			"ParamAngleY"
		]
	]
}