{
	"Version": 3,
	"Meta": {
		"Duration": 1.967,
		"Fps": 30.0,
		"Loop": true,
		"AreBeziersRestricted": true,
		"CurveCount": 4,
		"TotalSegmentCount": 22,
		"TotalPointCount": 62,
		"UserDataCount": 0,
		"TotalUserDataSize": 0
	},
	"Curves": [
		{
			"Target": "Parameter",
			"Id": "Param2",
			"Segments": [
				0,
				-30,
				1,
				0.133,
				-30,
				0.267,
				30,
				0.4,
				30,
				1,
				0.544,
				30,
				0.689,
				-30,
				0.833,
				-30,
				1,
				0.967,
				-30,
				1.1,
				30,
				1.233,
				30,
				1,
				1.322,
				30,
				1.411,
				0,
				1.5,
				0,
				0,
				1.967,
				0
			]
		},
		{
			"Target": "Parameter",
			"Id": "Param",
			"Segments": [
				0,
				-30,
				1,
				0.033,
				-30,
				0.067,
				-10.288,
				0.1,
				0,
				1,
				0.178,
				24.005,
				0.256,
				30,
				0.333,
				30,
				1,
				0.389,
				30,
				0.444,
				0,
				0.5,
				0,
				1,
				0.556,
				0,
				0.611,
				30,
				0.667,
				30,
				1,
				0.722,
				30,
				0.778,
				0,
				0.833,
				0,
				1,
				0.889,
				0,
				0.944,
				30,
				1,
				30,
				1,
				1.067,
				30,
				1.133,
				23.907,
				1.2,
				0,
				1,
				1.233,
				-11.953,
				1.267,
				-30,
				1.3,
				-30,
				0,
				1.967,
				-30
			]
		},
		{
			"Target": "Parameter",
			"Id": "Param3",
			"Segments": [
				0,
				-30,
				1,
				0.267,
				-30,
				0.533,
				30,
				0.8,
				30,
				1,
				0.922,
				30,
				1.044,
				-30,
				1.167,
				-30,
				0,
				1.967,
				-30
			]
		},
		{
			"Target": "Parameter",
			"Id": "Param4",
			"Segments": [
				0,
				1,
				1,
				0.256,
				1,
				0.511,
				1,
				0.767,
				1,
				1,
				0.778,
				1,
				0.789,
				0,
				0.8,
				0,
				1,
				0.922,
				0,
				1.044,
				0,
				1.167,
				0,
				1,
				1.189,
				0,
				1.211,
				1,
				1.233,
				1,
				0,
				1.967,
				1
			]
		}
	]
}