{
	"Version": 3,
	"Parameters": [
		{
			"Id": "ParamAngleX",
			"GroupId": "",
			"Name": "角度 X"
		},
		{
			"Id": "ParamAngleY",
			"GroupId": "",
			"Name": "角度 Y"
		},
		{
			"Id": "ParamAngleZ",
			"GroupId": "",
			"Name": "角度 Z"
		},
		{
			"Id": "ParamEyeLOpen",
			"GroupId": "",
			"Name": "左眼　开闭"
		},
		{
			"Id": "ParamEyeLSmile",
			"GroupId": "",
			"Name": "左眼　微笑"
		},
		{
			"Id": "ParamEyeROpen",
			"GroupId": "",
			"Name": "右眼"
		},
		{
			"Id": "ParamEyeRSmile",
			"GroupId": "",
			"Name": "右眼　微笑"
		},
		{
			"Id": "Param7",
			"GroupId": "",
			"Name": "右眼xy1"
		},
		{
			"Id": "Param8",
			"GroupId": "",
			"Name": "右眼xy2"
		},
		{
			"Id": "Param9",
			"GroupId": "",
			"Name": "左眼xy1"
		},
		{
			"Id": "Param10",
			"GroupId": "",
			"Name": "左眼xy2"
		},
		{
			"Id": "ParamEyeBallX",
			"GroupId": "",
			"Name": "眼珠 X"
		},
		{
			"Id": "ParamEyeBallY",
			"GroupId": "",
			"Name": "眼珠 Y"
		},
		{
			"Id": "ParamMouseX",
			"GroupId": "",
			"Name": "鼠标x"
		},
		{
			"Id": "ParamMouseY",
			"GroupId": "",
			"Name": "鼠标y"
		},
		{
			"Id": "ParamMouseLeftDown",
			"GroupId": "",
			"Name": "鼠标左键按下"
		},
		{
			"Id": "ParamMouseRightDown",
			"GroupId": "",
			"Name": "鼠标右键按下"
		},
		{
			"Id": "CatParamLeftHandDown",
			"GroupId": "",
			"Name": "键盘按下"
		},
		{
			"Id": "ParamBrowLY",
			"GroupId": "",
			"Name": "左眉上下"
		},
		{
			"Id": "ParamBrowRY",
			"GroupId": "",
			"Name": "右眉　上下"
		},
		{
			"Id": "ParamBrowLX",
			"GroupId": "",
			"Name": "左眉　左右"
		},
		{
			"Id": "ParamBrowRX",
			"GroupId": "",
			"Name": "右眉　左右"
		},
		{
			"Id": "ParamBrowLAngle",
			"GroupId": "",
			"Name": "左眉　角度"
		},
		{
			"Id": "ParamBrowRAngle",
			"GroupId": "",
			"Name": "右眉　角度"
		},
		{
			"Id": "ParamBrowLForm",
			"GroupId": "",
			"Name": "左眉　変形"
		},
		{
			"Id": "ParamBrowRForm",
			"GroupId": "",
			"Name": "右眉　変形"
		},
		{
			"Id": "ParamMouthForm",
			"GroupId": "",
			"Name": "嘴　变形"
		},
		{
			"Id": "ParamMouthOpenY",
			"GroupId": "",
			"Name": "嘴　张开和闭合"
		},
		{
			"Id": "ParamCheek",
			"GroupId": "",
			"Name": "脸颊泛红"
		},
		{
			"Id": "ParamBodyAngleX",
			"GroupId": "",
			"Name": "身体旋转　X"
		},
		{
			"Id": "ParamBodyAngleY",
			"GroupId": "",
			"Name": "身体旋转　Y"
		},
		{
			"Id": "ParamBodyAngleZ",
			"GroupId": "",
			"Name": "身体旋转　Z"
		},
		{
			"Id": "ParamBreath",
			"GroupId": "",
			"Name": "呼吸"
		},
		{
			"Id": "ParamHairFront",
			"GroupId": "",
			"Name": "摇动 前发"
		},
		{
			"Id": "ParamHairSide",
			"GroupId": "",
			"Name": "摇动 侧发"
		},
		{
			"Id": "ParamHairBack",
			"GroupId": "",
			"Name": "摇动 后发"
		},
		{
			"Id": "Param",
			"GroupId": "",
			"Name": "睡觉"
		},
		{
			"Id": "Param2",
			"GroupId": "",
			"Name": "惊讶"
		},
		{
			"Id": "Param3",
			"GroupId": "",
			"Name": "脸红"
		},
		{
			"Id": "Param4",
			"GroupId": "",
			"Name": "脸黑"
		},
		{
			"Id": "Param5",
			"GroupId": "",
			"Name": "豆豆嘴"
		},
		{
			"Id": "Param6",
			"GroupId": "",
			"Name": "撇嘴"
		},
		{
			"Id": "Param12",
			"GroupId": "",
			"Name": "头发摆动1"
		},
		{
			"Id": "Param11",
			"GroupId": "",
			"Name": "头发摆动2"
		},
		{
			"Id": "Param13",
			"GroupId": "",
			"Name": "头发摆动3"
		}
	],
	"ParameterGroups": [],
	"Parts": [
		{
			"Id": "Part",
			"Name": "新建组"
		},
		{
			"Id": "Part2",
			"Name": "右眼"
		},
		{
			"Id": "Part3",
			"Name": "左眼"
		},
		{
			"Id": "Part4",
			"Name": "新建组"
		}
	],
	"CombinedParameters": [
		[
			"ParamAngleX",
			"ParamAngleY"
		]
	]
}