{
	"Version": 3,
	"FileReferences": {
		"Moc": "cat.moc3",
		"Textures": [
			"cat.1024/texture_00.png"
		],
		"Physics": "cat.physics3.json",
		"DisplayInfo": "cat.cdi3.json",
		"Expressions": [
			{
				"Name": "expression1",
				"File": "expression1.exp3.json"
			},
			{
				"Name": "expression2",
				"File": "expression2.exp3.json"
			},
			{
				"Name": "expression3",
				"File": "expression3.exp3.json"
			},
			{
				"Name": "expression4",
				"File": "expression4.exp3.json"
			},
			{
				"Name": "expression5",
				"File": "expression5.exp3.json"
			},
			{
				"Name": "expression6",
				"File": "expression6.exp3.json"
			}
		],
		"Motions": {
			"CAT_motion_lock": [
				{
					"File": "Scene1.motion3.json",
					"FadeInTime": 0,
					"FadeOutTime": 0
				}
			]
		}
	},
	"Groups": [
		{
			"Target": "Parameter",
			"Name": "EyeBlink",
			"Ids": [
				"ParamEyeLOpen",
				"ParamEyeROpen"
			]
		},
		{
			"Target": "Parameter",
			"Name": "LipSync",
			"Ids": []
		}
	],
	"HitAreas": []
}