{
	"Version": 3,
	"Meta": {
		"Duration": 4.467,
		"Fps": 30.0,
		"Loop": true,
		"AreBeziersRestricted": true,
		"CurveCount": 5,
		"TotalSegmentCount": 18,
		"TotalPointCount": 57,
		"UserDataCount": 0,
		"TotalUserDataSize": 0
	},
	"Curves": [
		{
			"Target": "Parameter",
			"Id": "ParamAngleX",
			"Segments": [
				0,
				0,
				1,
				0.444,
				0,
				0.889,
				0,
				1.333,
				0,
				1,
				1.644,
				0,
				1.956,
				-30,
				2.267,
				-30,
				1,
				2.567,
				-30,
				2.867,
				30,
				3.167,
				30,
				1,
				3.6,
				30,
				4.033,
				0,
				4.467,
				0
			]
		},
		{
			"Target": "Parameter",
			"Id": "ParamAngleY",
			"Segments": [
				0,
				4,
				1,
				0.444,
				4,
				0.889,
				-30,
				1.333,
				-30,
				1,
				1.644,
				-30,
				1.956,
				-30,
				2.267,
				-30,
				1,
				2.567,
				-30,
				2.867,
				-30,
				3.167,
				-30,
				1,
				3.6,
				-30,
				4.033,
				3,
				4.467,
				3
			]
		},
		{
			"Target": "Parameter",
			"Id": "ParamEyeLOpen",
			"Segments": [
				0,
				1,
				1,
				0.433,
				1,
				0.867,
				0,
				1.3,
				0,
				1,
				1.944,
				0,
				2.589,
				0,
				3.233,
				0,
				1,
				3.644,
				0,
				4.056,
				1,
				4.467,
				1
			]
		},
		{
			"Target": "Parameter",
			"Id": "ParamEyeROpen",
			"Segments": [
				0,
				1,
				1,
				0.433,
				1,
				0.867,
				0,
				1.3,
				0,
				1,
				1.944,
				0,
				2.589,
				0,
				3.233,
				0,
				1,
				3.644,
				0,
				4.056,
				1,
				4.467,
				1
			]
		},
		{
			"Target": "Parameter",
			"Id": "Param",
			"Segments": [
				0,
				0,
				1,
				0.411,
				0,
				0.822,
				1,
				1.233,
				1,
				1,
				1.922,
				1,
				2.611,
				1,
				3.3,
				1,
				1,
				3.544,
				1,
				3.789,
				0,
				4.033,
				0,
				0,
				4.467,
				0
			]
		}
	]
}