{
	"Version": 3,
	"Parameters": [
		{
			"Id": "ParamAngleX",
			"GroupId": "",
			"Name": "角度 X"
		},
		{
			"Id": "ParamAngleY",
			"GroupId": "",
			"Name": "角度 Y"
		},
		{
			"Id": "ParamAngleZ",
			"GroupId": "",
			"Name": "角度 Z"
		},
		{
			"Id": "Param16",
			"GroupId": "",
			"Name": "faxing"
		},
		{
			"Id": "Param17",
			"GroupId": "",
			"Name": "111"
		},
		{
			"Id": "Param14",
			"GroupId": "",
			"Name": "zui shengqi"
		},
		{
			"Id": "Param15",
			"GroupId": "",
			"Name": "zui bufu"
		},
		{
			"Id": "Param13",
			"GroupId": "",
			"Name": "mei weiqu"
		},
		{
			"Id": "Param12",
			"GroupId": "",
			"Name": "mei shengqi"
		},
		{
			"Id": "Param11",
			"GroupId": "",
			"Name": "don"
		},
		{
			"Id": "heilian",
			"GroupId": "",
			"Name": "heilian"
		},
		{
			"Id": "aixin",
			"GroupId": "",
			"Name": "aixin"
		},
		{
			"Id": "haixiuu",
			"GroupId": "",
			"Name": "haixiu"
		},
		{
			"Id": "ParamMouseX",
			"GroupId": "",
			"Name": "mousex"
		},
		{
			"Id": "ParamMouseY",
			"GroupId": "",
			"Name": "mousey"
		},
		{
			"Id": "ParamMouseLeftDown",
			"GroupId": "",
			"Name": "参数40"
		},
		{
			"Id": "beifamao",
			"GroupId": "",
			"Name": "beifamao"
		},
		{
			"Id": "beiaixin",
			"GroupId": "",
			"Name": "beiaixin"
		},
		{
			"Id": "beishengqi",
			"GroupId": "",
			"Name": "beishengqi"
		},
		{
			"Id": "CatParamLeftHandDown",
			"GroupId": "",
			"Name": "参数42"
		},
		{
			"Id": "ParamMouseRightDown",
			"GroupId": "",
			"Name": "参数41"
		},
		{
			"Id": "ParamEyeLOpen",
			"GroupId": "",
			"Name": "左眼　开闭"
		},
		{
			"Id": "Param",
			"GroupId": "",
			"Name": "l1"
		},
		{
			"Id": "Param2",
			"GroupId": "",
			"Name": "l2"
		},
		{
			"Id": "Param3",
			"GroupId": "",
			"Name": "l3"
		},
		{
			"Id": "ParamEyeLSmile",
			"GroupId": "",
			"Name": "左眼　微笑"
		},
		{
			"Id": "ParamEyeROpen",
			"GroupId": "",
			"Name": "右眼"
		},
		{
			"Id": "Param4",
			"GroupId": "",
			"Name": "r1"
		},
		{
			"Id": "Param5",
			"GroupId": "",
			"Name": "r2"
		},
		{
			"Id": "Param6",
			"GroupId": "",
			"Name": "r3"
		},
		{
			"Id": "ParamEyeRSmile",
			"GroupId": "",
			"Name": "右眼　微笑"
		},
		{
			"Id": "ParamEyeBallX",
			"GroupId": "",
			"Name": "眼珠 X"
		},
		{
			"Id": "ParamEyeBallY",
			"GroupId": "",
			"Name": "眼珠 Y"
		},
		{
			"Id": "ParamBrowLY",
			"GroupId": "",
			"Name": "左眉上下"
		},
		{
			"Id": "ParamBrowRY",
			"GroupId": "",
			"Name": "右眉　上下"
		},
		{
			"Id": "ParamBrowLX",
			"GroupId": "",
			"Name": "左眉　左右"
		},
		{
			"Id": "ParamBrowRX",
			"GroupId": "",
			"Name": "右眉　左右"
		},
		{
			"Id": "ParamBrowLAngle",
			"GroupId": "",
			"Name": "左眉　角度"
		},
		{
			"Id": "ParamBrowRAngle",
			"GroupId": "",
			"Name": "右眉　角度"
		},
		{
			"Id": "ParamBrowLForm",
			"GroupId": "",
			"Name": "左眉　変形"
		},
		{
			"Id": "ParamBrowRForm",
			"GroupId": "",
			"Name": "右眉　変形"
		},
		{
			"Id": "ParamMouthForm",
			"GroupId": "",
			"Name": "嘴　变形"
		},
		{
			"Id": "ParamMouthOpenY",
			"GroupId": "",
			"Name": "嘴　张开和闭合"
		},
		{
			"Id": "ParamCheek",
			"GroupId": "",
			"Name": "脸颊泛红"
		},
		{
			"Id": "ParamBodyAngleX",
			"GroupId": "",
			"Name": "身体旋转　X"
		},
		{
			"Id": "ParamBodyAngleY",
			"GroupId": "",
			"Name": "身体旋转　Y"
		},
		{
			"Id": "ParamBodyAngleZ",
			"GroupId": "",
			"Name": "身体旋转　Z"
		},
		{
			"Id": "ParamBreath",
			"GroupId": "",
			"Name": "呼吸"
		},
		{
			"Id": "ParamHairFront",
			"GroupId": "",
			"Name": "摇动 前发"
		},
		{
			"Id": "Param9",
			"GroupId": "",
			"Name": "eye"
		},
		{
			"Id": "Param10",
			"GroupId": "",
			"Name": "eye2"
		},
		{
			"Id": "ParamHairSide",
			"GroupId": "",
			"Name": "摇动 侧发"
		},
		{
			"Id": "ParamHairBack",
			"GroupId": "",
			"Name": "摇动 后发"
		},
		{
			"Id": "Param7",
			"GroupId": "",
			"Name": "kami1"
		},
		{
			"Id": "Param8",
			"GroupId": "",
			"Name": "kami2"
		}
	],
	"ParameterGroups": [],
	"Parts": [
		{
			"Id": "Part26",
			"Name": "HHHHHH.psd(未找到对应图层)"
		},
		{
			"Id": "Part24",
			"Name": "HHHHHH.psd(未找到对应图层)"
		},
		{
			"Id": "Part22",
			"Name": "HHHHHH.psd(未找到对应图层)"
		},
		{
			"Id": "Part",
			"Name": "组 8"
		},
		{
			"Id": "Part2",
			"Name": "组 2"
		},
		{
			"Id": "Part3",
			"Name": "biao qig"
		},
		{
			"Id": "Part4",
			"Name": "LEFT EYE"
		},
		{
			"Id": "Part5",
			"Name": "right eye"
		},
		{
			"Id": "Part6",
			"Name": "组 5"
		},
		{
			"Id": "hand",
			"Name": "hand"
		},
		{
			"Id": "Part7",
			"Name": "组 4"
		},
		{
			"Id": "Part9",
			"Name": "组 6"
		},
		{
			"Id": "hand3",
			"Name": "hand"
		},
		{
			"Id": "Part20",
			"Name": "组 4"
		},
		{
			"Id": "Part23",
			"Name": "组 6"
		},
		{
			"Id": "hand2",
			"Name": "hand"
		},
		{
			"Id": "Part14",
			"Name": "LEFT EYE"
		},
		{
			"Id": "Part15",
			"Name": "right eye"
		},
		{
			"Id": "Part8",
			"Name": "组 7"
		},
		{
			"Id": "Part10",
			"Name": "ma wei"
		},
		{
			"Id": "Part19",
			"Name": "组 9"
		},
		{
			"Id": "Part21",
			"Name": "组 7"
		}
	],
	"CombinedParameters": [
		[
			"ParamAngleX",
			"ParamAngleY"
		],
		[
			"ParamMouseX",
			"ParamMouseY"
		],
		[
			"Param9",
			"Param10"
		]
	]
}