{
	"Version": 3,
	"FileReferences": {
		"Moc": "cat.moc3",
		"Textures": [
			"cat.4096/texture_00.png"
		],
		"Physics": "cat.physics3.json",
		"DisplayInfo": "cat.cdi3.json",
		"Expressions": [
			{
				"Name": "live2d_expression0",
				"File": "live2d_expression0.exp3.json"
			},
			{
				"Name": "live2d_expression1",
				"File": "live2d_expression1.exp3.json"
			}
		],
		"Motions": {
			"CAT_motion": [
				{
					"File": "live2d_motion1.motion3.json",
					"Sound": "live2d_motion1.flac",
					"FadeInTime": 0,
					"FadeOutTime": 0
				},
				{
					"File": "live2d_motion3.motion3.json",
					"Sound": "live2d_motion3.flac",
					"FadeInTime": 0,
					"FadeOutTime": 0
				}
			],
			"CAT_motion_lock": [
				{
					"File": "live2d_motion2.motion3.json",
					"Sound": "live2d_motion2.flac",
					"FadeInTime": 0,
					"FadeOutTime": 0
				},
				{
					"File": "live2d_motion4.motion3.json",
					"Sound": "live2d_motion4.flac",
					"FadeInTime": 0,
					"FadeOutTime": 0
				}
			]
		}
	},
	"Groups": [
		{
			"Target": "Parameter",
			"Name": "LipSync",
			"Ids": []
		},
		{
			"Target": "Parameter",
			"Name": "EyeBlink",
			"Ids": [
				"ParamEyeLOpen",
				"ParamEyeROpen"
			]
		}
	],
	"HitAreas": []
}