{
	"Version": 3,
	"Parameters": [
		{
			"Id": "ParamHairFront",
			"GroupId": "ParamGroup",
			"Name": "摇动 前发"
		},
		{
			"Id": "ParamCheek",
			"GroupId": "ParamGroup2",
			"Name": "脸颊泛红"
		},
		{
			"Id": "Param17",
			"GroupId": "ParamGroup2",
			"Name": "huishou"
		},
		{
			"Id": "Param12",
			"GroupId": "ParamGroup2",
			"Name": "1"
		},
		{
			"Id": "Param13",
			"GroupId": "ParamGroup2",
			"Name": "2"
		},
		{
			"Id": "Param14",
			"GroupId": "ParamGroup2",
			"Name": "3"
		},
		{
			"Id": "Param15",
			"GroupId": "ParamGroup2",
			"Name": "4"
		},
		{
			"Id": "Param10",
			"GroupId": "ParamGroup2",
			"Name": "5maozi"
		},
		{
			"Id": "Param11",
			"GroupId": "ParamGroup2",
			"Name": "5chui"
		},
		{
			"Id": "Param8",
			"GroupId": "ParamGroup2",
			"Name": "zhamao"
		},
		{
			"Id": "Param9",
			"GroupId": "ParamGroup2",
			"Name": "flower"
		},
		{
			"Id": "Param7",
			"GroupId": "ParamGroup2",
			"Name": "4zz"
		},
		{
			"Id": "Param",
			"GroupId": "ParamGroup2",
			"Name": "原嘴消失"
		},
		{
			"Id": "Param2",
			"GroupId": "ParamGroup2",
			"Name": "1嘴"
		},
		{
			"Id": "ParamMouthOpenY",
			"GroupId": "ParamGroup2",
			"Name": "3嘴开"
		},
		{
			"Id": "Param6",
			"GroupId": "ParamGroup2",
			"Name": "4猪鼻"
		},
		{
			"Id": "Param4",
			"GroupId": "ParamGroup2",
			"Name": "原眼消失"
		},
		{
			"Id": "Param16",
			"GroupId": "ParamGroup2",
			"Name": "1yan"
		},
		{
			"Id": "Param3",
			"GroupId": "ParamGroup2",
			"Name": "2笑眼"
		},
		{
			"Id": "Param5",
			"GroupId": "ParamGroup2",
			"Name": "4眯眼"
		},
		{
			"Id": "ParamAngleX",
			"GroupId": "",
			"Name": "角度 X"
		},
		{
			"Id": "ParamAngleY",
			"GroupId": "",
			"Name": "角度 Y"
		},
		{
			"Id": "ParamMouseX",
			"GroupId": "",
			"Name": "鼠标X"
		},
		{
			"Id": "ParamMouseY",
			"GroupId": "",
			"Name": "鼠标Y"
		},
		{
			"Id": "ParamMouseLeftDown",
			"GroupId": "",
			"Name": "鼠标左按下"
		},
		{
			"Id": "ParamMouseRightDown",
			"GroupId": "",
			"Name": "鼠标右按下"
		},
		{
			"Id": "CatParamLeftHandDown",
			"GroupId": "",
			"Name": "左手按下"
		},
		{
			"Id": "CatParamRightHandDown",
			"GroupId": "",
			"Name": "右手按下"
		},
		{
			"Id": "ParamEyeLOpen",
			"GroupId": "",
			"Name": "左眼　开闭"
		},
		{
			"Id": "ParamEyeROpen",
			"GroupId": "",
			"Name": "右眼"
		},
		{
			"Id": "ParamBreath",
			"GroupId": "",
			"Name": "呼吸"
		}
	],
	"ParameterGroups": [
		{
			"Id": "ParamGroup",
			"GroupId": "",
			"Name": "物理"
		},
		{
			"Id": "ParamGroup2",
			"GroupId": "",
			"Name": "表情用"
		}
	],
	"Parts": [
		{
			"Id": "chui",
			"Name": "chui"
		}
	],
	"CombinedParameters": [
		[
			"ParamAngleX",
			"ParamAngleY"
		],
		[
			"ParamMouseX",
			"ParamMouseY"
		]
	]
}