{
	"Version": 3,
	"Meta": {
		"Duration": 3.333,
		"Fps": 30.0,
		"Loop": true,
		"AreBeziersRestricted": true,
		"CurveCount": 2,
		"TotalSegmentCount": 12,
		"TotalPointCount": 34,
		"UserDataCount": 0,
		"TotalUserDataSize": 0
	},
	"Curves": [
		{
			"Target": "Parameter",
			"Id": "ParamCheek",
			"Segments": [
				0,
				0,
				1,
				0.122,
				0,
				0.244,
				1,
				0.367,
				1,
				1,
				1.044,
				1,
				1.722,
				1,
				2.4,
				1,
				1,
				2.522,
				1,
				2.644,
				0,
				2.767,
				0,
				0,
				3.333,
				0
			]
		},
		{
			"Target": "Parameter",
			"Id": "ParamMouthOpenY",
			"Segments": [
				0,
				0,
				1,
				0.122,
				0,
				0.244,
				0.311,
				0.367,
				0.68,
				1,
				0.456,
				0.948,
				0.544,
				1,
				0.633,
				1,
				1,
				0.767,
				1,
				0.9,
				0.7,
				1.033,
				0.7,
				1,
				1.211,
				0.7,
				1.389,
				1,
				1.567,
				1,
				1,
				1.7,
				1,
				1.833,
				0.7,
				1.967,
				0.7,
				1,
				2.089,
				0.7,
				2.211,
				1,
				2.333,
				1,
				1,
				2.489,
				1,
				2.644,
				0,
				2.8,
				0,
				0,
				3.333,
				0
			]
		}
	]
}