{
	"Type": "Live2D Expression",
	"FadeInTime": 0.5,
	"FadeOutTime": 0.5,
	"Parameters": [
		{
			"Id": "Param",
			"Value": 0,
			"Blend": "Add"
		},
		{
			"Id": "Param6",
			"Value": 0,
			"Blend": "Add"
		},
		{
			"Id": "Param4",
			"Value": 0,
			"Blend": "Add"
		},
		{
			"Id": "Param5",
			"Value": 0,
			"Blend": "Add"
		},
		{
			"Id": "Param7",
			"Value": 0,
			"Blend": "Add"
		},
		{
			"Id": "Param2",
			"Value": 0,
			"Blend": "Add"
		},
		{
			"Id": "ParamMouthOpenY",
			"Value": 0,
			"Blend": "Add"
		},
		{
			"Id": "Param16",
			"Value": 0,
			"Blend": "Add"
		},
		{
			"Id": "Param3",
			"Value": 0,
			"Blend": "Add"
		}
	]
}