{
	"Version": 3,
	"Meta": {
		"Duration": 7,
		"Fps": 30.0,
		"Loop": true,
		"AreBeziersRestricted": true,
		"CurveCount": 8,
		"TotalSegmentCount": 45,
		"TotalPointCount": 131,
		"UserDataCount": 0,
		"TotalUserDataSize": 0
	},
	"Curves": [
		{
			"Target": "Parameter",
			"Id": "Param17",
			"Segments": [
				0,
				0,
				1,
				0.3,
				0,
				0.6,
				-30,
				0.9,
				-30,
				1,
				1.1,
				-30,
				1.3,
				30,
				1.5,
				30,
				1,
				1.844,
				30,
				2.189,
				-30,
				2.533,
				-30,
				1,
				2.922,
				-30,
				3.311,
				30,
				3.7,
				30,
				1,
				4.033,
				30,
				4.367,
				-30,
				4.7,
				-30,
				1,
				5.122,
				-30,
				5.544,
				30,
				5.967,
				30,
				1,
				6.244,
				30,
				6.522,
				0,
				6.8,
				0,
				0,
				7,
				0
			]
		},
		{
			"Target": "Parameter",
			"Id": "Param12",
			"Segments": [
				0,
				-30,
				1,
				0.189,
				-30,
				0.378,
				-30,
				0.567,
				-30,
				1,
				0.8,
				-30,
				1.033,
				30,
				1.267,
				30,
				0,
				7,
				30
			]
		},
		{
			"Target": "Parameter",
			"Id": "Param13",
			"Segments": [
				0,
				-30,
				1,
				0.244,
				-30,
				0.489,
				-30,
				0.733,
				-30,
				1,
				1,
				-30,
				1.267,
				30,
				1.533,
				30,
				0,
				7,
				30
			]
		},
		{
			"Target": "Parameter",
			"Id": "Param14",
			"Segments": [
				0,
				-30,
				1,
				0.3,
				-30,
				0.6,
				-30,
				0.9,
				-30,
				1,
				1.167,
				-30,
				1.433,
				30,
				1.7,
				30,
				0,
				7,
				30
			]
		},
		{
			"Target": "Parameter",
			"Id": "Param15",
			"Segments": [
				0,
				-27,
				1,
				0.344,
				-27,
				0.689,
				-30,
				1.033,
				-30,
				1,
				1.3,
				-30,
				1.567,
				30,
				1.833,
				30,
				0,
				7,
				30
			]
		},
		{
			"Target": "Parameter",
			"Id": "Param10",
			"Segments": [
				0,
				0,
				1,
				0.122,
				0,
				0.244,
				1,
				0.367,
				1,
				1,
				2.511,
				1,
				4.656,
				1,
				6.8,
				1,
				1,
				6.867,
				1,
				6.933,
				0,
				7,
				0
			]
		},
		{
			"Target": "Parameter",
			"Id": "Param11",
			"Segments": [
				0,
				-30,
				1,
				0.122,
				-30,
				0.244,
				-30,
				0.367,
				-30,
				1,
				0.533,
				-30,
				0.7,
				30,
				0.867,
				30,
				1,
				0.967,
				30,
				1.067,
				-30,
				1.167,
				-30,
				1,
				1.411,
				-30,
				1.656,
				26,
				1.9,
				26,
				1,
				1.978,
				26,
				2.056,
				22,
				2.133,
				22,
				1,
				2.244,
				22,
				2.356,
				30,
				2.467,
				30,
				1,
				2.578,
				30,
				2.689,
				-30,
				2.8,
				-30,
				1,
				2.989,
				-30,
				3.178,
				-30,
				3.367,
				-30,
				1,
				3.456,
				-30,
				3.544,
				-7,
				3.633,
				-7,
				1,
				3.733,
				-7,
				3.833,
				-23,
				3.933,
				-23,
				1,
				4.078,
				-23,
				4.222,
				30,
				4.367,
				30,
				1,
				4.511,
				30,
				4.656,
				29.938,
				4.8,
				29,
				1,
				4.867,
				28.567,
				4.933,
				-30,
				5,
				-30,
				1,
				5.189,
				-30,
				5.378,
				-30,
				5.567,
				-30,
				1,
				5.744,
				-30,
				5.922,
				30,
				6.1,
				30,
				1,
				6.189,
				30,
				6.278,
				-30,
				6.367,
				-30,
				1,
				6.478,
				-30,
				6.589,
				-9,
				6.7,
				-9,
				1,
				6.756,
				-9,
				6.811,
				-30,
				6.867,
				-30,
				0,
				7,
				-30
			]
		},
		{
			"Target": "Parameter",
			"Id": "Param",
			"Segments": [
				0,
				0,
				1,
				0.122,
				0,
				0.244,
				1,
				0.367,
				1,
				1,
				2.511,
				1,
				4.656,
				1,
				6.8,
				1,
				1,
				6.867,
				1,
				6.933,
				0,
				7,
				0
			]
		}
	]
}