{
	"Version": 3,
	"Parameters": [
		{
			"Id": "Paramhandshake",
			"GroupId": "ParamGroup",
			"Name": "挥手"
		},
		{
			"Id": "Param",
			"GroupId": "ParamGroup",
			"Name": "张嘴"
		},
		{
			"Id": "Param2",
			"GroupId": "ParamGroup",
			"Name": "heart"
		},
		{
			"Id": "Param3",
			"GroupId": "ParamGroup",
			"Name": "hearttou"
		},
		{
			"Id": "ParamAngleX",
			"GroupId": "",
			"Name": "角度 X"
		},
		{
			"Id": "ParamAngleY",
			"GroupId": "",
			"Name": "角度 Y"
		},
		{
			"Id": "ParamMouseX",
			"GroupId": "",
			"Name": "鼠标X"
		},
		{
			"Id": "ParamMouseY",
			"GroupId": "",
			"Name": "鼠标Y"
		},
		{
			"Id": "ParamMouseLeftDown",
			"GroupId": "",
			"Name": "鼠标左按下"
		},
		{
			"Id": "ParamMouseRightDown",
			"GroupId": "",
			"Name": "鼠标右按下"
		},
		{
			"Id": "CatParamLeftHandDown",
			"GroupId": "",
			"Name": "左手按下"
		},
		{
			"Id": "ParamEyeLOpen",
			"GroupId": "",
			"Name": "左眼　开闭"
		},
		{
			"Id": "ParamEyeROpen",
			"GroupId": "",
			"Name": "右眼"
		},
		{
			"Id": "ParamBreath",
			"GroupId": "",
			"Name": "呼吸"
		}
	],
	"ParameterGroups": [
		{
			"Id": "ParamGroup",
			"GroupId": "",
			"Name": "love you"
		}
	],
	"Parts": [
		{
			"Id": "Part2",
			"Name": "cat_mousepb.psd(未找到对应图层)"
		}
	],
	"CombinedParameters": [
		[
			"ParamAngleX",
			"ParamAngleY"
		],
		[
			"ParamMouseX",
			"ParamMouseY"
		]
	]
}