{
	"Version": 3,
	"Meta": {
		"Duration": 1.983,
		"Fps": 60.0,
		"Loop": true,
		"AreBeziersRestricted": true,
		"CurveCount": 4,
		"TotalSegmentCount": 25,
		"TotalPointCount": 77,
		"UserDataCount": 0,
		"TotalUserDataSize": 0
	},
	"Curves": [
		{
			"Target": "Parameter",
			"Id": "Paramhandshake",
			"Segments": [
				0,
				-30,
				1,
				0.128,
				-30,
				0.256,
				30,
				0.383,
				30,
				1,
				0.506,
				30,
				0.628,
				-30,
				0.75,
				-30,
				1,
				0.889,
				-30,
				1.028,
				30,
				1.167,
				30,
				1,
				1.272,
				30,
				1.378,
				0,
				1.483,
				0,
				0,
				1.983,
				0
			]
		},
		{
			"Target": "Parameter",
			"Id": "Param",
			"Segments": [
				0,
				-30,
				1,
				0.033,
				-30,
				0.067,
				-27.96,
				0.1,
				-10,
				1,
				0.122,
				1.973,
				0.144,
				30,
				0.167,
				30,
				1,
				0.222,
				30,
				0.278,
				-10,
				0.333,
				-10,
				1,
				0.389,
				-10,
				0.444,
				30,
				0.5,
				30,
				1,
				0.544,
				30,
				0.589,
				-10,
				0.633,
				-10,
				1,
				0.711,
				-10,
				0.789,
				30,
				0.867,
				30,
				1,
				0.928,
				30,
				0.989,
				-10,
				1.05,
				-10,
				1,
				1.106,
				-10,
				1.161,
				30,
				1.217,
				30,
				1,
				1.283,
				30,
				1.35,
				19.037,
				1.417,
				-10,
				1,
				1.439,
				-19.679,
				1.461,
				-30,
				1.483,
				-30,
				1,
				1.65,
				-30,
				1.817,
				-30,
				1.983,
				-30
			]
		},
		{
			"Target": "Parameter",
			"Id": "Param2",
			"Segments": [
				0,
				-30,
				1,
				0.1,
				-30,
				0.2,
				-30,
				0.3,
				-27,
				1,
				0.489,
				-18.73,
				0.678,
				30,
				0.867,
				30,
				1,
				0.967,
				30,
				1.067,
				-30,
				1.167,
				-30,
				1,
				1.439,
				-30,
				1.711,
				-30,
				1.983,
				-30
			]
		},
		{
			"Target": "Parameter",
			"Id": "Param3",
			"Segments": [
				0,
				1,
				1,
				0.272,
				1,
				0.544,
				1,
				0.817,
				1,
				1,
				0.833,
				1,
				0.85,
				0,
				0.867,
				0,
				1,
				0.967,
				0,
				1.067,
				0,
				1.167,
				0,
				1,
				1.183,
				0,
				1.2,
				1,
				1.217,
				1,
				1,
				1.472,
				1,
				1.728,
				1,
				1.983,
				1
			]
		}
	]
}