{
	"Version": 3,
	"Parameters": [
		{
			"Id": "ParamAngleX",
			"GroupId": "",
			"Name": "角度 X"
		},
		{
			"Id": "ParamAngleY",
			"GroupId": "",
			"Name": "ParamAngleY"
		},
		{
			"Id": "ParamAngleZ",
			"GroupId": "",
			"Name": "角度 Z"
		},
		{
			"Id": "ParamEyeLOpen",
			"GroupId": "",
			"Name": "左目　開閉"
		},
		{
			"Id": "ParamEyeROpen",
			"GroupId": "",
			"Name": "右目　開閉"
		},
		{
			"Id": "PARAM_EYE_BALL_X",
			"GroupId": "",
			"Name": "目玉 X"
		},
		{
			"Id": "PARAM_EYE_BALL_Y",
			"GroupId": "",
			"Name": "目玉 Y"
		},
		{
			"Id": "PARAM_BODY_ANGLE_X",
			"GroupId": "",
			"Name": "体の回転　X"
		},
		{
			"Id": "PARAM_BODY_ANGLE_Y",
			"GroupId": "",
			"Name": "体の回転　Y"
		},
		{
			"Id": "PARAM_BODY_ANGLE_Z",
			"GroupId": "",
			"Name": "体の回転　Z"
		},
		{
			"Id": "ParamBreath",
			"GroupId": "",
			"Name": "呼吸"
		},
		{
			"Id": "ParamHairFront",
			"GroupId": "",
			"Name": "髪揺れ　前"
		},
		{
			"Id": "ParamHairSide",
			"GroupId": "",
			"Name": "髪揺れ　横"
		},
		{
			"Id": "PARAM_HAIR_BACK",
			"GroupId": "",
			"Name": "髪揺れ　後"
		},
		{
			"Id": "ParamMouseRightDown",
			"GroupId": "",
			"Name": "ParamMouseRightDown"
		},
		{
			"Id": "ParamMouseSideDown",
			"GroupId": "",
			"Name": "ParamMouseSideDown"
		},
		{
			"Id": "CatParamLeftHandDown",
			"GroupId": "",
			"Name": "CatParamLeftHandDown"
		},
		{
			"Id": "ParamMouseX",
			"GroupId": "",
			"Name": "ParamMouseX"
		},
		{
			"Id": "ParamMouseY",
			"GroupId": "",
			"Name": "ParamMouseY"
		},
		{
			"Id": "ParamMouseLeftDown",
			"GroupId": "",
			"Name": "ParamMouseLeftDown"
		}
	],
	"ParameterGroups": [],
	"Parts": [
		{
			"Id": "Part19",
			"Name": "cat2.psd(未找到对应图层)"
		},
		{
			"Id": "Part2",
			"Name": "右键.png"
		},
		{
			"Id": "Part",
			"Name": "左键.png"
		},
		{
			"Id": "PARTS_01_ITEM",
			"Name": "アイテム"
		},
		{
			"Id": "PARTS_01_BODY",
			"Name": "体"
		},
		{
			"Id": "PARTS_01_ARM",
			"Name": "腕"
		},
		{
			"Id": "PARTS_01_NECK",
			"Name": "首"
		},
		{
			"Id": "PARTS_01_HAIR_BACK_001",
			"Name": "後ろ髪"
		},
		{
			"Id": "PARTS_01_HAIR_SIDE_001",
			"Name": "横髪"
		},
		{
			"Id": "PARTS_01_HAIR_FRONT_001",
			"Name": "前髪"
		},
		{
			"Id": "PARTS_01_EAR_001",
			"Name": "耳"
		},
		{
			"Id": "PARTS_01_NOSE_001",
			"Name": "鼻"
		},
		{
			"Id": "PARTS_01_MOUTH_001",
			"Name": "口"
		},
		{
			"Id": "PARTS_01_BROW_001",
			"Name": "まゆ毛"
		},
		{
			"Id": "PARTS_01_EYE_BALL_001",
			"Name": "目玉"
		},
		{
			"Id": "PARTS_01_EYE_001",
			"Name": "目"
		},
		{
			"Id": "PARTS_01_FACE_001",
			"Name": "顔"
		},
		{
			"Id": "PARTS_01_CORE",
			"Name": "コア"
		},
		{
			"Id": "PartSketch0",
			"Name": "[ 参考图 ]"
		},
		{
			"Id": "Part18",
			"Name": "ﾓﾒﾊﾖ(2)"
		}
	]
}