{
	"Version": 3,
	"Parameters": [
		{
			"Id": "ParamAngleX",
			"GroupId": "",
			"Name": "角度 X"
		},
		{
			"Id": "ParamAngleY",
			"GroupId": "",
			"Name": "角度 Y"
		},
		{
			"Id": "Param",
			"GroupId": "",
			"Name": "刘海物理"
		},
		{
			"Id": "Param2",
			"GroupId": "",
			"Name": "刘海2物理"
		},
		{
			"Id": "Param3",
			"GroupId": "",
			"Name": "羽毛"
		},
		{
			"Id": "Param4",
			"GroupId": "",
			"Name": "羽毛物理2"
		},
		{
			"Id": "ParamMouseX",
			"GroupId": "",
			"Name": "鼠标x"
		},
		{
			"Id": "ParamMouseY",
			"GroupId": "",
			"Name": "鼠标y"
		},
		{
			"Id": "ParamMouseLeftDown",
			"GroupId": "",
			"Name": "鼠标左键"
		},
		{
			"Id": "ParamMouseRightDown",
			"GroupId": "",
			"Name": "鼠标右键"
		},
		{
			"Id": "CatParamLeftHandDown",
			"GroupId": "",
			"Name": "键盘按下"
		},
		{
			"Id": "ParamAngleZ",
			"GroupId": "",
			"Name": "角度 Z"
		},
		{
			"Id": "ParamEyeLOpen",
			"GroupId": "",
			"Name": "左眼　开闭"
		},
		{
			"Id": "ParamEyeLSmile",
			"GroupId": "",
			"Name": "左眼　微笑"
		},
		{
			"Id": "ParamEyeROpen",
			"GroupId": "",
			"Name": "右眼"
		},
		{
			"Id": "ParamEyeRSmile",
			"GroupId": "",
			"Name": "右眼　微笑"
		},
		{
			"Id": "ParamEyeBallX",
			"GroupId": "",
			"Name": "眼珠 X"
		},
		{
			"Id": "ParamEyeBallY",
			"GroupId": "",
			"Name": "眼珠 Y"
		},
		{
			"Id": "ParamMouthForm",
			"GroupId": "",
			"Name": "嘴　变形"
		},
		{
			"Id": "ParamMouthOpenY",
			"GroupId": "",
			"Name": "嘴　张开和闭合"
		},
		{
			"Id": "ParamCheek",
			"GroupId": "",
			"Name": "脸颊泛红"
		},
		{
			"Id": "ParamBodyAngleX",
			"GroupId": "",
			"Name": "身体旋转　X"
		},
		{
			"Id": "ParamBodyAngleY",
			"GroupId": "",
			"Name": "身体旋转　Y"
		},
		{
			"Id": "ParamBodyAngleZ",
			"GroupId": "",
			"Name": "身体旋转　Z"
		},
		{
			"Id": "ParamBreath",
			"GroupId": "",
			"Name": "呼吸"
		},
		{
			"Id": "ParamHairFront",
			"GroupId": "",
			"Name": "摇动 前发"
		},
		{
			"Id": "ParamHairSide",
			"GroupId": "",
			"Name": "摇动 侧发"
		},
		{
			"Id": "ParamHairBack",
			"GroupId": "",
			"Name": "摇动 后发"
		}
	],
	"ParameterGroups": [],
	"Parts": [
		{
			"Id": "Part4",
			"Name": "眼睛.psd"
		},
		{
			"Id": "Part",
			"Name": "左眼"
		},
		{
			"Id": "Part2",
			"Name": "右眼"
		},
		{
			"Id": "Part3",
			"Name": "新建组"
		}
	],
	"CombinedParameters": [
		[
			"Param",
			"Param2"
		],
		[
			"Param3",
			"Param4"
		],
		[
			"ParamEyeBallX",
			"ParamEyeBallY"
		]
	]
}