{
	"Version": 3,
	"Parameters": [
		{
			"Id": "ParamAngleX",
			"GroupId": "",
			"Name": "角度X"
		},
		{
			"Id": "ParamAngleY",
			"GroupId": "",
			"Name": "角度Y"
		},
		{
			"Id": "ParamMouseX",
			"GroupId": "",
			"Name": "鼠标X"
		},
		{
			"Id": "ParamMouseY",
			"GroupId": "",
			"Name": "鼠标Y"
		},
		{
			"Id": "ParamEyeLOpen",
			"GroupId": "",
			"Name": "左眼"
		},
		{
			"Id": "ParamEyeROpen",
			"GroupId": "",
			"Name": "右眼"
		},
		{
			"Id": "ParamMouseLeftDown",
			"GroupId": "",
			"Name": "左键"
		},
		{
			"Id": "ParamMouseRightDown",
			"GroupId": "",
			"Name": "右键"
		},
		{
			"Id": "CatParamLeftHandDown",
			"GroupId": "",
			"Name": "键盘"
		}
	],
	"ParameterGroups": [],
	"Parts": [
		{
			"Id": "Part",
			"Name": "澪音"
		},
		{
			"Id": "Part8",
			"Name": "桌子"
		},
		{
			"Id": "Part2",
			"Name": "头"
		},
		{
			"Id": "Part5",
			"Name": "手_键盘"
		},
		{
			"Id": "Part6",
			"Name": "身子"
		},
		{
			"Id": "Part7",
			"Name": "手_鼠标"
		},
		{
			"Id": "Part9",
			"Name": "标准模式"
		},
		{
			"Id": "Part3",
			"Name": "眼睛_左"
		},
		{
			"Id": "Part4",
			"Name": "眼睛_右"
		},
		{
			"Id": "Part10",
			"Name": "交互"
		},
		{
			"Id": "Part13",
			"Name": "本体"
		},
		{
			"Id": "Part11",
			"Name": "鼠标"
		},
		{
			"Id": "Part12",
			"Name": "键盘"
		}
	],
	"CombinedParameters": [
		[
			"ParamAngleX",
			"ParamAngleY"
		],
		[
			"ParamMouseX",
			"ParamMouseY"
		]
	]
}