{
	"Type": "Live2D Expression",
	"Parameters": [
		{
			"Id": "ParamHair",
			"Value": 1,
			"Blend": "Add"
		},
		{
			"Id": "ParamBrowLForm",
			"Value": -1,
			"Blend": "Add"
		},
		{
			"Id": "ParamBrowRForm",
			"Value": -1,
			"Blend": "Add"
		},
		{
			"Id": "ParamBrowRY",
			"Value": -0.366,
			"Blend": "Add"
		},
		{
			"Id": "ParamBrowLY",
			"Value": -0.366,
			"Blend": "Add"
		},
		{
			"Id": "ParamMouthOpenY",
			"Value": -1,
			"Blend": "Add"
		},
		{
			"Id": "ParamMouthForm",
			"Value": -2,
			"Blend": "Add"
		},
		{
			"Id": "ParamEyeLOpen",
			"Value": -0.22,
			"Blend": "Add"
		},
		{
			"Id": "ParamEyeROpen",
			"Value": -0.195,
			"Blend": "Add"
		}
	]
}