{
	"Version": 3,
	"Meta": {
		"Duration": 1.233,
		"Fps": 30.0,
		"Loop": true,
		"AreBeziersRestricted": true,
		"CurveCount": 3,
		"TotalSegmentCount": 14,
		"TotalPointCount": 35,
		"UserDataCount": 0,
		"TotalUserDataSize": 0
	},
	"Curves": [
		{
			"Target": "Parameter",
			"Id": "ParamEyeLOpen",
			"Segments": [
				0,
				1,
				1,
				0.111,
				1,
				0.222,
				0,
				0.333,
				0,
				1,
				0.578,
				0,
				0.822,
				0,
				1.067,
				0,
				1,
				1.111,
				0,
				1.156,
				1,
				1.2,
				1,
				0,
				1.233,
				1
			]
		},
		{
			"Target": "Parameter",
			"Id": "ParamBrowLForm",
			"Segments": [
				0,
				0,
				0,
				0.1,
				0,
				1,
				0.156,
				0,
				0.211,
				1,
				0.267,
				1,
				1,
				0.5,
				1,
				0.733,
				1,
				0.967,
				1,
				1,
				1,
				1,
				1.033,
				0,
				1.067,
				0,
				0,
				1.233,
				0
			]
		},
		{
			"Target": "Parameter",
			"Id": "ParamBrowRForm",
			"Segments": [
				0,
				0,
				0,
				0.1,
				0,
				1,
				0.156,
				0,
				0.211,
				1,
				0.267,
				1,
				1,
				0.5,
				1,
				0.733,
				1,
				0.967,
				1,
				1,
				1,
				1,
				1.033,
				0,
				1.067,
				0,
				0,
				1.233,
				0
			]
		}
	]
}