{
	"Version": 3,
	"Meta": {
		"Duration": 2.9,
		"Fps": 30.0,
		"Loop": true,
		"AreBeziersRestricted": true,
		"CurveCount": 10,
		"TotalSegmentCount": 62,
		"TotalPointCount": 170,
		"UserDataCount": 0,
		"TotalUserDataSize": 0
	},
	"Curves": [
		{
			"Target": "Parameter",
			"Id": "ParamBrowLForm",
			"Segments": [
				0,
				0,
				1,
				0.056,
				0,
				0.111,
				-1,
				0.167,
				-1,
				1,
				0.8,
				-1,
				1.433,
				-1,
				2.067,
				-1,
				1,
				2.311,
				-1,
				2.556,
				0,
				2.8,
				0,
				0,
				2.9,
				0
			]
		},
		{
			"Target": "Parameter",
			"Id": "ParamBrowRForm",
			"Segments": [
				0,
				0,
				1,
				0.056,
				0,
				0.111,
				-1,
				0.167,
				-1,
				1,
				0.8,
				-1,
				1.433,
				-1,
				2.067,
				-1,
				1,
				2.311,
				-1,
				2.556,
				0,
				2.8,
				0,
				0,
				2.9,
				0
			]
		},
		{
			"Target": "Parameter",
			"Id": "ParamMouthForm",
			"Segments": [
				0,
				1,
				1,
				0.1,
				1,
				0.2,
				-1,
				0.3,
				-1,
				1,
				0.356,
				-1,
				0.411,
				-1,
				0.467,
				-1,
				1,
				1.044,
				-1,
				1.622,
				-1,
				2.2,
				-1,
				1,
				2.4,
				-1,
				2.6,
				1,
				2.8,
				1,
				0,
				2.9,
				1
			]
		},
		{
			"Target": "Parameter",
			"Id": "ParamMouthOpenY",
			"Segments": [
				0,
				1,
				1,
				0.1,
				1,
				0.2,
				0.825,
				0.3,
				0.4,
				1,
				0.356,
				0.164,
				0.411,
				0,
				0.467,
				0,
				1,
				1.044,
				0,
				1.622,
				0,
				2.2,
				0,
				1,
				2.4,
				0,
				2.6,
				1,
				2.8,
				1,
				0,
				2.9,
				1
			]
		},
		{
			"Target": "Parameter",
			"Id": "ParamCheek",
			"Segments": [
				0,
				0,
				0,
				0.467,
				0,
				1,
				0.5,
				0,
				0.533,
				0.156,
				0.567,
				0.2,
				1,
				0.789,
				0.493,
				1.011,
				0.6,
				1.233,
				0.6,
				1,
				1.456,
				0.6,
				1.678,
				0.496,
				1.9,
				0.2,
				1,
				1.944,
				0.141,
				1.989,
				0,
				2.033,
				0,
				0,
				2.9,
				0
			]
		},
		{
			"Target": "Parameter",
			"Id": "Param6",
			"Segments": [
				0,
				0,
				1,
				0.056,
				0,
				0.111,
				1,
				0.167,
				1,
				1,
				0.811,
				1,
				1.456,
				1,
				2.1,
				1,
				1,
				2.144,
				1,
				2.189,
				0,
				2.233,
				0,
				0,
				2.9,
				0
			]
		},
		{
			"Target": "Parameter",
			"Id": "Param7",
			"Segments": [
				0,
				0,
				0,
				0.3,
				0,
				1,
				0.333,
				0,
				0.367,
				0.5,
				0.4,
				0.5,
				1,
				0.433,
				0.5,
				0.467,
				0.333,
				0.5,
				0,
				1,
				0.533,
				-0.333,
				0.567,
				-0.5,
				0.6,
				-0.5,
				1,
				0.633,
				-0.5,
				0.667,
				-0.333,
				0.7,
				0,
				1,
				0.733,
				0.333,
				0.767,
				0.5,
				0.8,
				0.5,
				1,
				0.833,
				0.5,
				0.867,
				0.333,
				0.9,
				0,
				1,
				0.933,
				-0.333,
				0.967,
				-0.5,
				1,
				-0.5,
				1,
				1.033,
				-0.5,
				1.067,
				-0.333,
				1.1,
				0,
				1,
				1.133,
				0.333,
				1.167,
				0.5,
				1.2,
				0.5,
				1,
				1.233,
				0.5,
				1.267,
				0.333,
				1.3,
				0,
				1,
				1.333,
				-0.333,
				1.367,
				-0.5,
				1.4,
				-0.5,
				1,
				1.433,
				-0.5,
				1.467,
				-0.333,
				1.5,
				0,
				1,
				1.533,
				0.333,
				1.567,
				0.5,
				1.6,
				0.5,
				1,
				1.633,
				0.5,
				1.667,
				0.333,
				1.7,
				0,
				1,
				1.733,
				-0.333,
				1.767,
				-0.5,
				1.8,
				-0.5,
				1,
				1.833,
				-0.5,
				1.867,
				-0.333,
				1.9,
				0,
				1,
				1.933,
				0.333,
				1.967,
				0.5,
				2,
				0.5,
				1,
				2.033,
				0.5,
				2.067,
				0.333,
				2.1,
				0,
				1,
				2.133,
				-0.333,
				2.167,
				-0.5,
				2.2,
				-0.5,
				1,
				2.233,
				-0.5,
				2.267,
				0,
				2.3,
				0,
				0,
				2.9,
				0
			]
		},
		{
			"Target": "Parameter",
			"Id": "Param8",
			"Segments": [
				0,
				-1,
				1,
				0.056,
				-1,
				0.111,
				-0.147,
				0.167,
				0,
				1,
				0.456,
				0.766,
				0.744,
				1,
				1.033,
				1,
				1,
				1.222,
				1,
				1.411,
				1,
				1.6,
				1,
				1,
				1.767,
				1,
				1.933,
				-1,
				2.1,
				-1,
				0,
				2.9,
				-1
			]
		},
		{
			"Target": "Parameter",
			"Id": "Param9",
			"Segments": [
				0,
				1,
				1,
				0.167,
				1,
				0.333,
				0,
				0.5,
				0,
				0,
				2.9,
				0
			]
		},
		{
			"Target": "Parameter",
			"Id": "ParamHair",
			"Segments": [
				0,
				0,
				0,
				0.1,
				0,
				1,
				0.233,
				0,
				0.367,
				0.1,
				0.5,
				0.1,
				1,
				0.989,
				0.1,
				1.478,
				0.1,
				1.967,
				0.1,
				1,
				2.122,
				0.1,
				2.278,
				0,
				2.433,
				0,
				0,
				2.9,
				0
			]
		}
	]
}