{
	"Version": 3,
	"Meta": {
		"Duration": 2.333,
		"Fps": 30.0,
		"Loop": true,
		"AreBeziersRestricted": false,
		"CurveCount": 42,
		"TotalSegmentCount": 178,
		"TotalPointCount": 574,
		"UserDataCount": 0,
		"TotalUserDataSize": 0
	},
	"Curves": [
		{
			"Target": "Parameter",
			"Id": "Param",
			"Segments": [
				0,
				0,
				1,
				0.2,
				0,
				0.4,
				1.202,
				0.6,
				1.202,
				1,
				1.078,
				1.202,
				1.556,
				-0.942,
				2.033,
				-0.942,
				1,
				2.133,
				-0.942,
				2.233,
				-0.666,
				2.333,
				-0.666
			]
		},
		{
			"Target": "Parameter",
			"Id": "ParamEyeROpen",
			"Segments": [
				0,
				1,
				1,
				0.256,
				1,
				0.511,
				0,
				0.767,
				0,
				1,
				0.922,
				0,
				1.078,
				0,
				1.233,
				0,
				1,
				1.6,
				0,
				1.967,
				1,
				2.333,
				1
			]
		},
		{
			"Target": "Parameter",
			"Id": "ParamEyeLOpen",
			"Segments": [
				0,
				1,
				1,
				0.256,
				1,
				0.511,
				0,
				0.767,
				0,
				1,
				0.922,
				0,
				1.078,
				0,
				1.233,
				0,
				1,
				1.6,
				0,
				1.967,
				1,
				2.333,
				1
			]
		},
		{
			"Target": "Parameter",
			"Id": "Param14",
			"Segments": [
				0,
				8.401,
				1,
				0.256,
				8.401,
				0.511,
				-11.372,
				0.767,
				-11.372,
				1,
				0.9,
				-11.372,
				1.033,
				-7.38,
				1.167,
				-7.38,
				1,
				1.233,
				-7.38,
				1.3,
				-7.85,
				1.367,
				-7.85,
				1,
				1.678,
				-7.85,
				1.989,
				9.603,
				2.3,
				9.603,
				1,
				2.311,
				9.603,
				2.322,
				9.591,
				2.333,
				9.591
			]
		},
		{
			"Target": "Parameter",
			"Id": "Param15",
			"Segments": [
				0,
				-0.001,
				1,
				0.244,
				-0.001,
				0.489,
				15.616,
				0.733,
				15.616,
				1,
				0.922,
				15.616,
				1.111,
				-5.485,
				1.3,
				-5.485,
				1,
				1.4,
				-5.485,
				1.5,
				-1.976,
				1.6,
				-1.976,
				1,
				1.756,
				-1.976,
				1.911,
				-11.763,
				2.067,
				-11.763,
				1,
				2.156,
				-11.763,
				2.244,
				-7.718,
				2.333,
				-7.718
			]
		},
		{
			"Target": "Parameter",
			"Id": "Param2",
			"Segments": [
				0,
				0,
				1,
				0.778,
				0,
				1.556,
				0,
				2.333,
				0
			]
		},
		{
			"Target": "Parameter",
			"Id": "Param3",
			"Segments": [
				0,
				0,
				1,
				0.778,
				0,
				1.556,
				0,
				2.333,
				0
			]
		},
		{
			"Target": "Parameter",
			"Id": "Param4",
			"Segments": [
				0,
				0,
				1,
				0.178,
				0,
				0.356,
				6.988,
				0.533,
				6.988,
				1,
				0.656,
				6.988,
				0.778,
				-1.712,
				0.9,
				-1.712,
				1,
				1.011,
				-1.712,
				1.122,
				0.197,
				1.233,
				0.197,
				1,
				1.4,
				0.197,
				1.567,
				-4.991,
				1.733,
				-4.991,
				1,
				1.833,
				-4.991,
				1.933,
				-0.287,
				2.033,
				-0.287,
				1,
				2.089,
				-0.287,
				2.144,
				-0.467,
				2.2,
				-0.467,
				1,
				2.244,
				-0.467,
				2.289,
				-0.131,
				2.333,
				-0.131
			]
		},
		{
			"Target": "Parameter",
			"Id": "Param5",
			"Segments": [
				0,
				0,
				1,
				0.122,
				0,
				0.244,
				14.949,
				0.367,
				14.949,
				1,
				0.533,
				14.949,
				0.7,
				-6.36,
				0.867,
				-6.36,
				1,
				0.989,
				-6.36,
				1.111,
				1.339,
				1.233,
				1.339,
				1,
				1.378,
				1.339,
				1.522,
				-9.746,
				1.667,
				-9.746,
				1,
				1.889,
				-9.746,
				2.111,
				1.636,
				2.333,
				1.636
			]
		},
		{
			"Target": "Parameter",
			"Id": "Param6",
			"Segments": [
				0,
				0,
				1,
				0.1,
				0,
				0.2,
				-1.963,
				0.3,
				-1.963,
				1,
				0.467,
				-1.963,
				0.633,
				2.339,
				0.8,
				2.339,
				1,
				0.944,
				2.339,
				1.089,
				-1.011,
				1.233,
				-1.011,
				1,
				1.356,
				-1.011,
				1.478,
				1.314,
				1.6,
				1.314,
				1,
				1.844,
				1.314,
				2.089,
				-0.902,
				2.333,
				-0.902
			]
		},
		{
			"Target": "Parameter",
			"Id": "Param8",
			"Segments": [
				0,
				0,
				1,
				0.1,
				0,
				0.2,
				-2.208,
				0.3,
				-2.208,
				1,
				0.467,
				-2.208,
				0.633,
				2.631,
				0.8,
				2.631,
				1,
				0.944,
				2.631,
				1.089,
				-1.137,
				1.233,
				-1.137,
				1,
				1.356,
				-1.137,
				1.478,
				1.478,
				1.6,
				1.478,
				1,
				1.844,
				1.478,
				2.089,
				-1.015,
				2.333,
				-1.015
			]
		},
		{
			"Target": "Parameter",
			"Id": "Param9",
			"Segments": [
				0,
				0,
				1,
				0.156,
				0,
				0.311,
				-10,
				0.467,
				-10,
				1,
				0.511,
				-10,
				0.556,
				-10,
				0.6,
				-10,
				1,
				0.7,
				-10,
				0.8,
				2.853,
				0.9,
				2.853,
				1,
				1.011,
				2.853,
				1.122,
				-0.329,
				1.233,
				-0.329,
				1,
				1.4,
				-0.329,
				1.567,
				8.319,
				1.733,
				8.319,
				1,
				1.833,
				8.319,
				1.933,
				0.478,
				2.033,
				0.478,
				1,
				2.089,
				0.478,
				2.144,
				0.778,
				2.2,
				0.778,
				1,
				2.244,
				0.778,
				2.289,
				0.218,
				2.333,
				0.218
			]
		},
		{
			"Target": "Parameter",
			"Id": "Param10",
			"Segments": [
				0,
				0,
				1,
				0.2,
				0,
				0.4,
				13.891,
				0.6,
				13.891,
				1,
				0.989,
				13.891,
				1.378,
				-11.579,
				1.767,
				-11.579,
				1,
				1.956,
				-11.579,
				2.144,
				-1.534,
				2.333,
				-1.534
			]
		},
		{
			"Target": "Parameter",
			"Id": "CatParamLeftHandDown",
			"Segments": [
				0,
				0,
				1,
				0.256,
				0,
				0.511,
				1,
				0.767,
				1,
				1,
				1.033,
				1,
				1.3,
				1,
				1.567,
				1,
				1,
				1.822,
				1,
				2.078,
				0,
				2.333,
				0
			]
		},
		{
			"Target": "Parameter",
			"Id": "ParamHairSide",
			"Segments": [
				0,
				0,
				1,
				0.778,
				0,
				1.556,
				0,
				2.333,
				0
			]
		},
		{
			"Target": "Parameter",
			"Id": "Param11",
			"Segments": [
				0,
				-30,
				1,
				0.778,
				-30,
				1.556,
				-30,
				2.333,
				-30
			]
		},
		{
			"Target": "Parameter",
			"Id": "Param_Angle_Rotation_1_ArtMesh122",
			"Segments": [
				0,
				-5.629,
				1,
				0.778,
				-5.629,
				1.556,
				-5.629,
				2.333,
				-5.629
			]
		},
		{
			"Target": "Parameter",
			"Id": "Param_Angle_Rotation_2_ArtMesh122",
			"Segments": [
				0,
				0.224,
				1,
				0.178,
				0.224,
				0.356,
				-0.171,
				0.533,
				-0.171,
				1,
				0.8,
				-0.171,
				1.067,
				0.074,
				1.333,
				0.074,
				1,
				1.6,
				0.074,
				1.867,
				-0.033,
				2.133,
				-0.033,
				1,
				2.2,
				-0.033,
				2.267,
				-0.024,
				2.333,
				-0.024
			]
		},
		{
			"Target": "Parameter",
			"Id": "Param_Angle_Rotation_3_ArtMesh122",
			"Segments": [
				0,
				2.046,
				1,
				0.044,
				2.046,
				0.089,
				2.513,
				0.133,
				2.513,
				1,
				0.4,
				2.513,
				0.667,
				-1.284,
				0.933,
				-1.284,
				1,
				1.2,
				-1.284,
				1.467,
				0.642,
				1.733,
				0.642,
				1,
				1.933,
				0.642,
				2.133,
				-0.205,
				2.333,
				-0.205
			]
		},
		{
			"Target": "Parameter",
			"Id": "Param_Angle_Rotation_4_ArtMesh122",
			"Segments": [
				0,
				-8.938,
				1,
				0.178,
				-8.938,
				0.356,
				9.002,
				0.533,
				9.002,
				1,
				0.8,
				9.002,
				1.067,
				-5.32,
				1.333,
				-5.32,
				1,
				1.6,
				-5.32,
				1.867,
				3.025,
				2.133,
				3.025,
				1,
				2.2,
				3.025,
				2.267,
				2.16,
				2.333,
				2.16
			]
		},
		{
			"Target": "Parameter",
			"Id": "Param_Angle_Rotation_5_ArtMesh122",
			"Segments": [
				0,
				-24.788,
				1,
				0.056,
				-24.788,
				0.111,
				-31.354,
				0.167,
				-31.354,
				1,
				0.433,
				-31.354,
				0.7,
				22.287,
				0.967,
				22.287,
				1,
				1.222,
				22.287,
				1.478,
				-15.13,
				1.733,
				-15.13,
				1,
				1.933,
				-15.13,
				2.133,
				6.766,
				2.333,
				6.766
			]
		},
		{
			"Target": "Parameter",
			"Id": "Param_Angle_Rotation_6_ArtMesh122",
			"Segments": [
				0,
				31.491,
				1,
				0.144,
				31.491,
				0.289,
				-45,
				0.433,
				-45,
				1,
				0.5,
				-45,
				0.567,
				-45,
				0.633,
				-45,
				1,
				0.867,
				-45,
				1.1,
				41.158,
				1.333,
				41.158,
				1,
				1.6,
				41.158,
				1.867,
				-31.651,
				2.133,
				-31.651,
				1,
				2.2,
				-31.651,
				2.267,
				-22.733,
				2.333,
				-22.733
			]
		},
		{
			"Target": "Parameter",
			"Id": "Param_Angle_Rotation_7_ArtMesh122",
			"Segments": [
				0,
				45,
				1,
				0.1,
				45,
				0.2,
				45,
				0.3,
				45,
				1,
				0.433,
				45,
				0.567,
				-45,
				0.7,
				-45,
				1,
				0.833,
				-45,
				0.967,
				-45,
				1.1,
				-45,
				1,
				1.244,
				-45,
				1.389,
				45,
				1.533,
				45,
				1,
				1.644,
				45,
				1.756,
				45,
				1.867,
				45,
				1,
				2.022,
				45,
				2.178,
				-38.583,
				2.333,
				-38.583
			]
		},
		{
			"Target": "Parameter",
			"Id": "Param_Angle_Rotation_8_ArtMesh122",
			"Segments": [
				0,
				12.177,
				1,
				0.033,
				12.177,
				0.067,
				45,
				0.1,
				45,
				1,
				0.3,
				45,
				0.5,
				45,
				0.7,
				45,
				1,
				0.811,
				45,
				0.922,
				-45,
				1.033,
				-45,
				1,
				1.156,
				-45,
				1.278,
				-45,
				1.4,
				-45,
				1,
				1.533,
				-45,
				1.667,
				45,
				1.8,
				45,
				1,
				1.967,
				45,
				2.133,
				45,
				2.3,
				45,
				1,
				2.311,
				45,
				2.322,
				40.674,
				2.333,
				40.674
			]
		},
		{
			"Target": "Parameter",
			"Id": "Param_Angle_Rotation_9_ArtMesh122",
			"Segments": [
				0,
				-37.496,
				1,
				0.133,
				-37.496,
				0.267,
				45,
				0.4,
				45,
				1,
				0.489,
				45,
				0.578,
				45,
				0.667,
				45,
				1,
				0.678,
				45,
				0.689,
				-45,
				0.7,
				-45,
				1,
				1,
				-45,
				1.3,
				-45,
				1.6,
				-45,
				1,
				1.744,
				-45,
				1.889,
				45,
				2.033,
				45,
				1,
				2.1,
				45,
				2.167,
				45,
				2.233,
				45,
				1,
				2.244,
				45,
				2.256,
				-45,
				2.267,
				-45,
				1,
				2.289,
				-45,
				2.311,
				-45,
				2.333,
				-45
			]
		},
		{
			"Target": "Parameter",
			"Id": "Param_Angle_Rotation_10_ArtMesh122",
			"Segments": [
				0,
				-45,
				1,
				0.022,
				-45,
				0.044,
				-45,
				0.067,
				-45,
				1,
				0.156,
				-45,
				0.244,
				-27.604,
				0.333,
				-27.604,
				1,
				0.344,
				-27.604,
				0.356,
				-27.829,
				0.367,
				-27.829,
				1,
				0.533,
				-27.829,
				0.7,
				8.151,
				0.867,
				8.151,
				1,
				1.033,
				8.151,
				1.2,
				-45,
				1.367,
				-45,
				1,
				1.489,
				-45,
				1.611,
				-45,
				1.733,
				-45,
				1,
				1.933,
				-45,
				2.133,
				21.308,
				2.333,
				21.308
			]
		},
		{
			"Target": "Parameter",
			"Id": "Param_Angle_Rotation_11_ArtMesh122",
			"Segments": [
				0,
				-45,
				1,
				0.122,
				-45,
				0.244,
				-45,
				0.367,
				-45,
				1,
				0.456,
				-45,
				0.544,
				-23.284,
				0.633,
				-23.284,
				1,
				0.711,
				-23.284,
				0.789,
				-45,
				0.867,
				-45,
				1,
				1.056,
				-45,
				1.244,
				-45,
				1.433,
				-45,
				1,
				1.444,
				-45,
				1.456,
				45,
				1.467,
				45,
				1,
				1.511,
				45,
				1.556,
				45,
				1.6,
				45,
				1,
				1.656,
				45,
				1.711,
				-43.544,
				1.767,
				-43.544,
				1,
				1.933,
				-43.544,
				2.1,
				1.633,
				2.267,
				1.633,
				1,
				2.289,
				1.633,
				2.311,
				-0.534,
				2.333,
				-0.534
			]
		},
		{
			"Target": "Parameter",
			"Id": "Param_Angle_Rotation_12_ArtMesh122",
			"Segments": [
				0,
				-30.863,
				1,
				0.022,
				-30.863,
				0.044,
				-45,
				0.067,
				-45,
				1,
				0.156,
				-45,
				0.244,
				-45,
				0.333,
				-45,
				1,
				0.344,
				-45,
				0.356,
				45,
				0.367,
				45,
				1,
				0.5,
				45,
				0.633,
				45,
				0.767,
				45,
				1,
				0.778,
				45,
				0.789,
				-45,
				0.8,
				-45,
				1,
				0.867,
				-45,
				0.933,
				-45,
				1,
				-45,
				1,
				1.189,
				-45,
				1.378,
				45,
				1.567,
				45,
				1,
				1.6,
				45,
				1.633,
				45,
				1.667,
				45,
				1,
				1.722,
				45,
				1.778,
				-45,
				1.833,
				-45,
				1,
				1.856,
				-45,
				1.878,
				-45,
				1.9,
				-45,
				1,
				2.044,
				-45,
				2.189,
				4.404,
				2.333,
				4.404
			]
		},
		{
			"Target": "Parameter",
			"Id": "Param_Angle_Rotation_13_ArtMesh122",
			"Segments": [
				0,
				-30.863,
				1,
				0.022,
				-30.863,
				0.044,
				-45,
				0.067,
				-45,
				1,
				0.156,
				-45,
				0.244,
				-45,
				0.333,
				-45,
				1,
				0.344,
				-45,
				0.356,
				45,
				0.367,
				45,
				1,
				0.5,
				45,
				0.633,
				45,
				0.767,
				45,
				1,
				0.778,
				45,
				0.789,
				-45,
				0.8,
				-45,
				1,
				0.867,
				-45,
				0.933,
				-45,
				1,
				-45,
				1,
				1.189,
				-45,
				1.378,
				45,
				1.567,
				45,
				1,
				1.6,
				45,
				1.633,
				45,
				1.667,
				45,
				1,
				1.722,
				45,
				1.778,
				-45,
				1.833,
				-45,
				1,
				1.856,
				-45,
				1.878,
				-45,
				1.9,
				-45,
				1,
				2.044,
				-45,
				2.189,
				4.404,
				2.333,
				4.404
			]
		},
		{
			"Target": "Parameter",
			"Id": "Param17",
			"Segments": [
				0,
				0,
				1,
				0.067,
				0,
				0.133,
				2.726,
				0.2,
				2.726,
				1,
				0.322,
				2.726,
				0.444,
				-6.37,
				0.567,
				-6.37,
				1,
				0.7,
				-6.37,
				0.833,
				3.788,
				0.967,
				3.788,
				1,
				1.233,
				3.788,
				1.5,
				-2.692,
				1.767,
				-2.692,
				1,
				1.956,
				-2.692,
				2.144,
				1.44,
				2.333,
				1.44
			]
		},
		{
			"Target": "Parameter",
			"Id": "Param18",
			"Segments": [
				0,
				0,
				1,
				0.1,
				0,
				0.2,
				1.151,
				0.3,
				1.151,
				1,
				0.433,
				1.151,
				0.567,
				-0.712,
				0.7,
				-0.712,
				1,
				0.856,
				-0.712,
				1.011,
				0.233,
				1.167,
				0.233,
				1,
				1.422,
				0.233,
				1.678,
				-0.65,
				1.933,
				-0.65,
				1,
				2.067,
				-0.65,
				2.2,
				0.2,
				2.333,
				0.2
			]
		},
		{
			"Target": "Parameter",
			"Id": "Param19",
			"Segments": [
				0,
				0,
				1,
				0.1,
				0,
				0.2,
				2.301,
				0.3,
				2.301,
				1,
				0.433,
				2.301,
				0.567,
				-1.425,
				0.7,
				-1.425,
				1,
				0.856,
				-1.425,
				1.011,
				0.466,
				1.167,
				0.466,
				1,
				1.422,
				0.466,
				1.678,
				-1.301,
				1.933,
				-1.301,
				1,
				2.067,
				-1.301,
				2.2,
				0.399,
				2.333,
				0.399
			]
		},
		{
			"Target": "Parameter",
			"Id": "Param25",
			"Segments": [
				0,
				0,
				1,
				0.256,
				0,
				0.511,
				1,
				0.767,
				1,
				1,
				1.289,
				1,
				1.811,
				0,
				2.333,
				0
			]
		},
		{
			"Target": "Parameter",
			"Id": "Param30",
			"Segments": [
				0,
				0,
				1,
				0.256,
				0,
				0.511,
				1,
				0.767,
				1,
				1,
				1.033,
				1,
				1.3,
				1,
				1.567,
				1,
				1,
				1.822,
				1,
				2.078,
				1,
				2.333,
				1
			]
		},
		{
			"Target": "Parameter",
			"Id": "Param31",
			"Segments": [
				0,
				0,
				1,
				0.522,
				0,
				1.044,
				0,
				1.567,
				0,
				1,
				1.822,
				0,
				2.078,
				1,
				2.333,
				1
			]
		},
		{
			"Target": "Parameter",
			"Id": "Param36",
			"Segments": [
				0,
				0,
				1,
				0.3,
				0,
				0.6,
				1,
				0.9,
				1,
				1,
				1.378,
				1,
				1.856,
				1,
				2.333,
				1
			]
		},
		{
			"Target": "Parameter",
			"Id": "ParamAngleX",
			"Segments": [
				0,
				0,
				1,
				0.156,
				0,
				0.311,
				-9,
				0.467,
				-9,
				1,
				0.689,
				-9,
				0.911,
				9,
				1.133,
				9,
				1,
				1.278,
				9,
				1.422,
				-6.18,
				1.567,
				-6.18,
				1,
				1.822,
				-6.18,
				2.078,
				0,
				2.333,
				0
			]
		},
		{
			"Target": "Parameter",
			"Id": "ParamAngleY",
			"Segments": [
				0,
				0,
				1,
				0.156,
				0,
				0.311,
				-17,
				0.467,
				-17,
				1,
				0.689,
				-17,
				0.911,
				-17,
				1.133,
				-17,
				1,
				1.278,
				-17,
				1.422,
				-17,
				1.567,
				-17,
				1,
				1.822,
				-17,
				2.078,
				0,
				2.333,
				0
			]
		},
		{
			"Target": "Parameter",
			"Id": "Param16",
			"Segments": [
				0,
				-24.19,
				1,
				0.778,
				-24.19,
				1.556,
				-24.19,
				2.333,
				-24.19
			]
		},
		{
			"Target": "Parameter",
			"Id": "Param24",
			"Segments": [
				0,
				0,
				1,
				0.256,
				0,
				0.511,
				1,
				0.767,
				1,
				1,
				1.033,
				1,
				1.3,
				1,
				1.567,
				1,
				1,
				1.822,
				1,
				2.078,
				0,
				2.333,
				0
			]
		},
		{
			"Target": "Parameter",
			"Id": "Param37",
			"Segments": [
				0,
				1,
				1,
				0.778,
				1,
				1.556,
				1,
				2.333,
				1
			]
		},
		{
			"Target": "Parameter",
			"Id": "ParamMouthForm",
			"Segments": [
				0,
				1,
				0,
				2.333,
				1
			]
		}
	]
}