{
	"Version": 3,
	"Meta": {
		"Duration": 3,
		"Fps": 30.0,
		"Loop": true,
		"AreBeziersRestricted": false,
		"CurveCount": 40,
		"TotalSegmentCount": 176,
		"TotalPointCount": 550,
		"UserDataCount": 0,
		"TotalUserDataSize": 0
	},
	"Curves": [
		{
			"Target": "Parameter",
			"Id": "Param",
			"Segments": [
				0,
				0,
				1,
				1,
				0,
				2,
				0,
				3,
				0
			]
		},
		{
			"Target": "Parameter",
			"Id": "Param14",
			"Segments": [
				0,
				8.401,
				1,
				1,
				8.401,
				2,
				8.401,
				3,
				8.401
			]
		},
		{
			"Target": "Parameter",
			"Id": "Param15",
			"Segments": [
				0,
				0,
				1,
				0.2,
				0,
				0.4,
				0,
				0.6,
				0,
				1,
				0.611,
				0,
				0.622,
				0,
				0.633,
				0,
				1,
				0.689,
				0,
				0.744,
				0,
				0.8,
				0,
				1,
				0.811,
				0,
				0.822,
				0,
				0.833,
				0,
				1,
				1.122,
				0,
				1.411,
				0,
				1.7,
				0,
				1,
				1.711,
				0,
				1.722,
				0,
				1.733,
				0,
				1,
				1.789,
				0,
				1.844,
				0,
				1.9,
				0,
				1,
				1.911,
				0,
				1.922,
				0,
				1.933,
				0,
				1,
				2.222,
				0,
				2.511,
				0,
				2.8,
				0,
				1,
				2.811,
				0,
				2.822,
				0,
				2.833,
				0,
				1,
				2.889,
				0,
				2.944,
				0,
				3,
				0
			]
		},
		{
			"Target": "Parameter",
			"Id": "Param2",
			"Segments": [
				0,
				0,
				1,
				1,
				0,
				2,
				0,
				3,
				0
			]
		},
		{
			"Target": "Parameter",
			"Id": "Param3",
			"Segments": [
				0,
				0,
				1,
				1,
				0,
				2,
				0,
				3,
				0
			]
		},
		{
			"Target": "Parameter",
			"Id": "Param4",
			"Segments": [
				0,
				0,
				1,
				1,
				0,
				2,
				0,
				3,
				0
			]
		},
		{
			"Target": "Parameter",
			"Id": "Param5",
			"Segments": [
				0,
				0,
				1,
				1,
				0,
				2,
				0,
				3,
				0
			]
		},
		{
			"Target": "Parameter",
			"Id": "Param6",
			"Segments": [
				0,
				0,
				1,
				1,
				0,
				2,
				0,
				3,
				0
			]
		},
		{
			"Target": "Parameter",
			"Id": "Param8",
			"Segments": [
				0,
				0,
				1,
				1,
				0,
				2,
				0,
				3,
				0
			]
		},
		{
			"Target": "Parameter",
			"Id": "Param9",
			"Segments": [
				0,
				0,
				1,
				1,
				0,
				2,
				0,
				3,
				0
			]
		},
		{
			"Target": "Parameter",
			"Id": "Param10",
			"Segments": [
				0,
				0,
				1,
				1,
				0,
				2,
				0,
				3,
				0
			]
		},
		{
			"Target": "Parameter",
			"Id": "CatParamLeftHandDown",
			"Segments": [
				0,
				0,
				1,
				0.411,
				1,
				0.911,
				1,
				1.367,
				1,
				1,
				1.567,
				1,
				1.767,
				1,
				1.967,
				1,
				1,
				2.3,
				1,
				2.633,
				0,
				2.967,
				0,
				0,
				3,
				0
			]
		},
		{
			"Target": "Parameter",
			"Id": "ParamHairSide",
			"Segments": [
				0,
				0,
				1,
				1,
				0,
				2,
				0,
				3,
				0
			]
		},
		{
			"Target": "Parameter",
			"Id": "Param11",
			"Segments": [
				0,
				-30,
				1,
				1,
				-30,
				2,
				-30,
				3,
				-30
			]
		},
		{
			"Target": "Parameter",
			"Id": "Param_Angle_Rotation_1_ArtMesh122",
			"Segments": [
				0,
				-5.629,
				1,
				1,
				-5.629,
				2,
				-5.629,
				3,
				-5.629
			]
		},
		{
			"Target": "Parameter",
			"Id": "Param_Angle_Rotation_2_ArtMesh122",
			"Segments": [
				0,
				0,
				1,
				0.222,
				0,
				0.444,
				0,
				0.667,
				0,
				1,
				0.678,
				0,
				0.689,
				0,
				0.7,
				0,
				1,
				1.067,
				0,
				1.433,
				0,
				1.8,
				0,
				1,
				1.811,
				0,
				1.822,
				0,
				1.833,
				0,
				1,
				2.156,
				0,
				2.478,
				0,
				2.8,
				0,
				1,
				2.811,
				0,
				2.822,
				0,
				2.833,
				0,
				1,
				2.889,
				0,
				2.944,
				0,
				3,
				0
			]
		},
		{
			"Target": "Parameter",
			"Id": "Param_Angle_Rotation_3_ArtMesh122",
			"Segments": [
				0,
				0,
				1,
				0.011,
				0,
				0.022,
				0,
				0.033,
				0,
				1,
				0.056,
				0,
				0.078,
				0,
				0.1,
				0,
				1,
				0.111,
				0,
				0.122,
				0,
				0.133,
				0,
				1,
				0.156,
				0,
				0.178,
				0,
				0.2,
				0,
				1,
				0.211,
				0,
				0.222,
				0,
				0.233,
				0,
				1,
				0.256,
				0,
				0.278,
				0,
				0.3,
				0,
				1,
				0.311,
				0,
				0.322,
				0,
				0.333,
				0,
				1,
				0.456,
				0,
				0.578,
				0,
				0.7,
				0,
				1,
				0.711,
				0,
				0.722,
				0,
				0.733,
				0,
				1,
				0.789,
				0,
				0.844,
				0,
				0.9,
				0,
				1,
				0.911,
				0,
				0.922,
				0,
				0.933,
				0,
				1,
				1.033,
				0,
				1.133,
				0,
				1.233,
				0,
				1,
				1.244,
				0,
				1.256,
				0,
				1.267,
				0,
				1,
				1.356,
				0,
				1.444,
				0,
				1.533,
				0,
				1,
				1.544,
				0,
				1.556,
				0,
				1.567,
				0,
				1,
				1.956,
				0,
				2.344,
				0,
				2.733,
				0,
				1,
				2.744,
				0,
				2.756,
				0,
				2.767,
				0,
				1,
				2.844,
				0,
				2.922,
				0,
				3,
				0
			]
		},
		{
			"Target": "Parameter",
			"Id": "Param_Angle_Rotation_4_ArtMesh122",
			"Segments": [
				0,
				0.004,
				1,
				0.022,
				0.004,
				0.044,
				0.004,
				0.067,
				0.004,
				1,
				0.3,
				0.004,
				0.533,
				-0.002,
				0.767,
				-0.002,
				1,
				0.778,
				-0.002,
				0.789,
				-0.002,
				0.8,
				-0.002,
				1,
				0.811,
				-0.002,
				0.822,
				-0.002,
				0.833,
				-0.002,
				1,
				0.844,
				-0.002,
				0.856,
				-0.002,
				0.867,
				-0.002,
				1,
				1.1,
				-0.002,
				1.333,
				0.001,
				1.567,
				0.001,
				1,
				1.622,
				0.001,
				1.678,
				0.001,
				1.733,
				0.001,
				1,
				1.744,
				0.001,
				1.756,
				0.001,
				1.767,
				0.001,
				1,
				1.778,
				0.001,
				1.789,
				0.001,
				1.8,
				0.001,
				1,
				1.922,
				0.001,
				2.044,
				0,
				2.167,
				0,
				1,
				2.178,
				0,
				2.189,
				0,
				2.2,
				0,
				1,
				2.211,
				0,
				2.222,
				0,
				2.233,
				0,
				1,
				2.244,
				0,
				2.256,
				0,
				2.267,
				0,
				1,
				2.278,
				0,
				2.289,
				0,
				2.3,
				0,
				1,
				2.4,
				0,
				2.5,
				0,
				2.6,
				0,
				1,
				2.611,
				0,
				2.622,
				0,
				2.633,
				0,
				1,
				2.656,
				0,
				2.678,
				0,
				2.7,
				0,
				1,
				2.711,
				0,
				2.722,
				0,
				2.733,
				0,
				1,
				2.744,
				0,
				2.756,
				0,
				2.767,
				0,
				1,
				2.778,
				0,
				2.789,
				0,
				2.8,
				0,
				1,
				2.811,
				0,
				2.822,
				0,
				2.833,
				0,
				1,
				2.844,
				0,
				2.856,
				0,
				2.867,
				0,
				1,
				2.889,
				0,
				2.911,
				0,
				2.933,
				0,
				1,
				2.944,
				0,
				2.956,
				0,
				2.967,
				0,
				1,
				2.978,
				0,
				2.989,
				0,
				3,
				0
			]
		},
		{
			"Target": "Parameter",
			"Id": "Param_Angle_Rotation_5_ArtMesh122",
			"Segments": [
				0,
				-0.009,
				1,
				0.133,
				-0.009,
				0.267,
				0.027,
				0.4,
				0.027,
				1,
				0.667,
				0.027,
				0.933,
				-0.014,
				1.2,
				-0.014,
				1,
				1.456,
				-0.014,
				1.711,
				0.007,
				1.967,
				0.007,
				1,
				2.233,
				0.007,
				2.5,
				-0.004,
				2.767,
				-0.004,
				1,
				2.789,
				-0.004,
				2.811,
				-0.004,
				2.833,
				-0.004,
				1,
				2.889,
				-0.004,
				2.944,
				-0.003,
				3,
				-0.003
			]
		},
		{
			"Target": "Parameter",
			"Id": "Param_Angle_Rotation_6_ArtMesh122",
			"Segments": [
				0,
				-0.277,
				1,
				0.256,
				-0.277,
				0.511,
				0.152,
				0.767,
				0.152,
				1,
				1.033,
				0.152,
				1.3,
				-0.082,
				1.567,
				-0.082,
				1,
				1.833,
				-0.082,
				2.1,
				0.044,
				2.367,
				0.044,
				1,
				2.578,
				0.044,
				2.789,
				-0.017,
				3,
				-0.017
			]
		},
		{
			"Target": "Parameter",
			"Id": "Param_Angle_Rotation_7_ArtMesh122",
			"Segments": [
				0,
				0.003,
				1,
				0.122,
				0.003,
				0.244,
				-1.181,
				0.367,
				-1.181,
				1,
				0.633,
				-1.181,
				0.9,
				0.684,
				1.167,
				0.684,
				1,
				1.422,
				0.684,
				1.678,
				-0.39,
				1.933,
				-0.39,
				1,
				2.2,
				-0.39,
				2.467,
				0.219,
				2.733,
				0.219,
				1,
				2.822,
				0.219,
				2.911,
				0.126,
				3,
				0.126
			]
		},
		{
			"Target": "Parameter",
			"Id": "Param_Angle_Rotation_8_ArtMesh122",
			"Segments": [
				0,
				6.299,
				1,
				0.244,
				6.299,
				0.489,
				-4.124,
				0.733,
				-4.124,
				1,
				1,
				-4.124,
				1.267,
				2.56,
				1.533,
				2.56,
				1,
				1.8,
				2.56,
				2.067,
				-1.55,
				2.333,
				-1.55,
				1,
				2.556,
				-1.55,
				2.778,
				0.821,
				3,
				0.821
			]
		},
		{
			"Target": "Parameter",
			"Id": "Param_Angle_Rotation_9_ArtMesh122",
			"Segments": [
				0,
				3.989,
				1,
				0.1,
				3.989,
				0.2,
				16.094,
				0.3,
				16.094,
				1,
				0.567,
				16.094,
				0.833,
				-11.27,
				1.1,
				-11.27,
				1,
				1.356,
				-11.27,
				1.611,
				7.587,
				1.867,
				7.587,
				1,
				2.133,
				7.587,
				2.4,
				-4.965,
				2.667,
				-4.965,
				1,
				2.778,
				-4.965,
				2.889,
				-1.627,
				3,
				-1.627
			]
		},
		{
			"Target": "Parameter",
			"Id": "Param_Angle_Rotation_10_ArtMesh122",
			"Segments": [
				0,
				-33.775,
				1,
				0.222,
				-33.775,
				0.444,
				31.268,
				0.667,
				31.268,
				1,
				0.922,
				31.268,
				1.178,
				-24.086,
				1.433,
				-24.086,
				1,
				1.689,
				-24.086,
				1.944,
				17.799,
				2.2,
				17.799,
				1,
				2.467,
				17.799,
				2.733,
				-12.689,
				3,
				-12.689
			]
		},
		{
			"Target": "Parameter",
			"Id": "Param_Angle_Rotation_11_ArtMesh122",
			"Segments": [
				0,
				-43.556,
				1,
				0.011,
				-43.556,
				0.022,
				-45,
				0.033,
				-45,
				1,
				0.133,
				-45,
				0.233,
				-45,
				0.333,
				-45,
				1,
				0.511,
				-45,
				0.689,
				45,
				0.867,
				45,
				1,
				0.933,
				45,
				1,
				45,
				1.067,
				45,
				1,
				1.289,
				45,
				1.511,
				-42.221,
				1.733,
				-42.221,
				1,
				2,
				-42.221,
				2.267,
				34.289,
				2.533,
				34.289,
				1,
				2.689,
				34.289,
				2.844,
				-7.96,
				3,
				-7.96
			]
		},
		{
			"Target": "Parameter",
			"Id": "Param_Angle_Rotation_12_ArtMesh122",
			"Segments": [
				0,
				19.26,
				1,
				0.089,
				19.26,
				0.178,
				-45,
				0.267,
				-45,
				1,
				0.378,
				-45,
				0.489,
				-45,
				0.6,
				-45,
				1,
				0.756,
				-45,
				0.911,
				45,
				1.067,
				45,
				1,
				1.178,
				45,
				1.289,
				45,
				1.4,
				45,
				1,
				1.556,
				45,
				1.711,
				-45,
				1.867,
				-45,
				1,
				1.956,
				-45,
				2.044,
				-45,
				2.133,
				-45,
				1,
				2.322,
				-45,
				2.511,
				45,
				2.7,
				45,
				1,
				2.756,
				45,
				2.811,
				45,
				2.867,
				45,
				1,
				2.911,
				45,
				2.956,
				30.372,
				3,
				30.372
			]
		},
		{
			"Target": "Parameter",
			"Id": "Param_Angle_Rotation_13_ArtMesh122",
			"Segments": [
				0,
				19.26,
				1,
				0.089,
				19.26,
				0.178,
				-45,
				0.267,
				-45,
				1,
				0.378,
				-45,
				0.489,
				-45,
				0.6,
				-45,
				1,
				0.756,
				-45,
				0.911,
				45,
				1.067,
				45,
				1,
				1.178,
				45,
				1.289,
				45,
				1.4,
				45,
				1,
				1.556,
				45,
				1.711,
				-45,
				1.867,
				-45,
				1,
				1.956,
				-45,
				2.044,
				-45,
				2.133,
				-45,
				1,
				2.322,
				-45,
				2.511,
				45,
				2.7,
				45,
				1,
				2.756,
				45,
				2.811,
				45,
				2.867,
				45,
				1,
				2.911,
				45,
				2.956,
				30.372,
				3,
				30.372
			]
		},
		{
			"Target": "Parameter",
			"Id": "Param17",
			"Segments": [
				0,
				0,
				1,
				0.411,
				0,
				0.822,
				4.559,
				1.233,
				4.559,
				1,
				1.333,
				4.559,
				1.433,
				4.295,
				1.533,
				4.295,
				1,
				1.567,
				4.295,
				1.6,
				4.318,
				1.633,
				4.318,
				1,
				2.044,
				4.318,
				2.456,
				-0.044,
				2.867,
				-0.044,
				1,
				2.911,
				-0.044,
				2.956,
				0.135,
				3,
				0.135
			]
		},
		{
			"Target": "Parameter",
			"Id": "Param18",
			"Segments": [
				0,
				0,
				1,
				0.144,
				0,
				0.289,
				0.335,
				0.433,
				0.335,
				1,
				0.978,
				0.335,
				1.522,
				-0.301,
				2.067,
				-0.301,
				1,
				2.378,
				-0.301,
				2.689,
				0.042,
				3,
				0.042
			]
		},
		{
			"Target": "Parameter",
			"Id": "Param19",
			"Segments": [
				0,
				0,
				1,
				0.144,
				0,
				0.289,
				0.669,
				0.433,
				0.669,
				1,
				0.978,
				0.669,
				1.522,
				-0.602,
				2.067,
				-0.602,
				1,
				2.378,
				-0.602,
				2.689,
				0.083,
				3,
				0.083
			]
		},
		{
			"Target": "Parameter",
			"Id": "Param20",
			"Segments": [
				0,
				0,
				1,
				0.456,
				0,
				0.911,
				1,
				1.367,
				1,
				1,
				1.567,
				1,
				1.767,
				1,
				1.967,
				1,
				1,
				2.3,
				1,
				2.633,
				1,
				2.967,
				1,
				0,
				3,
				1
			]
		},
		{
			"Target": "Parameter",
			"Id": "Param21",
			"Segments": [
				0,
				0,
				1,
				0.456,
				0,
				0.911,
				1,
				1.367,
				1,
				1,
				1.567,
				1,
				1.767,
				0,
				1.967,
				0,
				1,
				2.3,
				0,
				2.633,
				1,
				2.967,
				1,
				0,
				3,
				1
			]
		},
		{
			"Target": "Parameter",
			"Id": "Param22",
			"Segments": [
				0,
				0,
				1,
				0.456,
				0,
				0.911,
				1,
				1.367,
				1,
				1,
				1.567,
				1,
				1.767,
				1,
				1.967,
				1,
				1,
				2.3,
				1,
				2.633,
				0,
				2.967,
				0,
				0,
				3,
				0
			]
		},
		{
			"Target": "Parameter",
			"Id": "Param23",
			"Segments": [
				0,
				0,
				1,
				0.456,
				0,
				0.911,
				1,
				1.367,
				1,
				1,
				1.567,
				1,
				1.767,
				1,
				1.967,
				1,
				1,
				2.3,
				1,
				2.633,
				0,
				2.967,
				0,
				0,
				3,
				0
			]
		},
		{
			"Target": "Parameter",
			"Id": "Param25",
			"Segments": [
				0,
				0,
				1,
				0.456,
				0,
				0.911,
				1,
				1.367,
				1,
				1,
				1.567,
				1,
				1.767,
				1,
				1.967,
				1,
				1,
				2.3,
				1,
				2.633,
				0,
				2.967,
				0,
				0,
				3,
				0
			]
		},
		{
			"Target": "Parameter",
			"Id": "ParamAngleX",
			"Segments": [
				0,
				0,
				1,
				0.456,
				0,
				0.911,
				16,
				1.367,
				16,
				1,
				1.567,
				16,
				1.767,
				16,
				1.967,
				16,
				1,
				2.3,
				16,
				2.633,
				0,
				2.967,
				0,
				0,
				3,
				0
			]
		},
		{
			"Target": "Parameter",
			"Id": "ParamAngleY",
			"Segments": [
				0,
				0,
				1,
				0.456,
				0,
				0.911,
				-17,
				1.367,
				-17,
				1,
				1.567,
				-17,
				1.767,
				-17,
				1.967,
				-17,
				1,
				2.3,
				-17,
				2.633,
				0,
				2.967,
				0,
				0,
				3,
				0
			]
		},
		{
			"Target": "Parameter",
			"Id": "Param16",
			"Segments": [
				0,
				-24.19,
				1,
				1,
				-24.19,
				2,
				-24.19,
				3,
				-24.19
			]
		},
		{
			"Target": "Parameter",
			"Id": "Param24",
			"Segments": [
				0,
				0,
				1,
				0.411,
				1,
				0.911,
				1,
				1.367,
				1,
				1,
				1.567,
				1,
				1.767,
				1,
				1.967,
				1,
				1,
				2.3,
				1,
				2.633,
				0,
				2.967,
				0,
				0,
				3,
				0
			]
		},
		{
			"Target": "Parameter",
			"Id": "Param37",
			"Segments": [
				0,
				1,
				1,
				1,
				1,
				2,
				1,
				3,
				1
			]
		}
	]
}