{
	"Version": 3,
	"Parameters": [
		{
			"Id": "ParamAngleX",
			"GroupId": "",
			"Name": "角度 X"
		},
		{
			"Id": "ParamAngleY",
			"GroupId": "",
			"Name": "角度 Y"
		},
		{
			"Id": "ParamMouseLeftDown",
			"GroupId": "",
			"Name": "左键"
		},
		{
			"Id": "ParamMouseRightDown",
			"GroupId": "",
			"Name": "右键"
		},
		{
			"Id": "CatParamLeftHandDown",
			"GroupId": "",
			"Name": "键盘"
		},
		{
			"Id": "ParamMouseX",
			"GroupId": "",
			"Name": "鼠标X"
		},
		{
			"Id": "ParamMouseY",
			"GroupId": "",
			"Name": "鼠标Y"
		},
		{
			"Id": "Param",
			"GroupId": "ParamGroup",
			"Name": "隐藏"
		},
		{
			"Id": "Param2",
			"GroupId": "ParamGroup",
			"Name": "生气表情"
		}
	],
	"ParameterGroups": [
		{
			"Id": "ParamGroup",
			"GroupId": "",
			"Name": "严肃"
		}
	],
	"Parts": [
		{
			"Id": "Part9",
			"Name": "温蒂"
		},
		{
			"Id": "Part",
			"Name": "温蒂"
		},
		{
			"Id": "Part8",
			"Name": "阿比"
		},
		{
			"Id": "Part12",
			"Name": "脸"
		},
		{
			"Id": "Part2",
			"Name": "头"
		},
		{
			"Id": "Part3",
			"Name": "脸"
		},
		{
			"Id": "Part4",
			"Name": "袖子2"
		},
		{
			"Id": "Part5",
			"Name": "袖子1"
		},
		{
			"Id": "Part6",
			"Name": "键盘按下"
		},
		{
			"Id": "Part7",
			"Name": "键盘"
		},
		{
			"Id": "Part16",
			"Name": "鼠标"
		}
	],
	"CombinedParameters": [
		[
			"ParamMouseX",
			"ParamMouseY"
		]
	]
}