{
	"Version": 3,
	"Parameters": [
		{
			"Id": "ParamMouseX",
			"GroupId": "",
			"Name": "鼠标X"
		},
		{
			"Id": "ParamMouseY",
			"GroupId": "",
			"Name": "鼠标Y"
		},
		{
			"Id": "ParamMouseLeftDown",
			"GroupId": "",
			"Name": "鼠标左键按下"
		},
		{
			"Id": "ParamMouseRightDown",
			"GroupId": "",
			"Name": "鼠标右键按下"
		},
		{
			"Id": "CatParamLeftHandDown",
			"GroupId": "",
			"Name": "键盘按下"
		},
		{
			"Id": "ParamAngleX",
			"GroupId": "",
			"Name": "角度 X"
		},
		{
			"Id": "ParamAngleY",
			"GroupId": "",
			"Name": "角度 Y"
		},
		{
			"Id": "Param",
			"GroupId": "",
			"Name": "左眼高光物理x"
		},
		{
			"Id": "Param2",
			"GroupId": "",
			"Name": "左眼高光物理y"
		},
		{
			"Id": "Param5",
			"GroupId": "",
			"Name": "耳朵物理"
		},
		{
			"Id": "Param6",
			"GroupId": "",
			"Name": "胡子物理"
		},
		{
			"Id": "ParamAngleZ",
			"GroupId": "",
			"Name": "角度 Z"
		},
		{
			"Id": "ParamEyeLOpen",
			"GroupId": "",
			"Name": "左眼　开闭"
		},
		{
			"Id": "ParamEyeLSmile",
			"GroupId": "",
			"Name": "左眼　微笑"
		},
		{
			"Id": "ParamEyeROpen",
			"GroupId": "",
			"Name": "右眼"
		},
		{
			"Id": "ParamEyeRSmile",
			"GroupId": "",
			"Name": "右眼　微笑"
		},
		{
			"Id": "ParamEyeBallX",
			"GroupId": "",
			"Name": "眼珠 X"
		},
		{
			"Id": "Param3",
			"GroupId": "",
			"Name": "尾巴x"
		},
		{
			"Id": "Param4",
			"GroupId": "",
			"Name": "尾巴y"
		},
		{
			"Id": "ParamEyeBallY",
			"GroupId": "",
			"Name": "眼珠 Y"
		},
		{
			"Id": "ParamBrowLY",
			"GroupId": "",
			"Name": "左眉上下"
		},
		{
			"Id": "ParamBrowRY",
			"GroupId": "",
			"Name": "右眉　上下"
		},
		{
			"Id": "ParamBrowLX",
			"GroupId": "",
			"Name": "左眉　左右"
		},
		{
			"Id": "ParamBrowRX",
			"GroupId": "",
			"Name": "右眉　左右"
		},
		{
			"Id": "ParamBrowLAngle",
			"GroupId": "",
			"Name": "左眉　角度"
		},
		{
			"Id": "ParamBrowRAngle",
			"GroupId": "",
			"Name": "右眉　角度"
		},
		{
			"Id": "ParamBrowLForm",
			"GroupId": "",
			"Name": "左眉　変形"
		},
		{
			"Id": "ParamBrowRForm",
			"GroupId": "",
			"Name": "右眉　変形"
		},
		{
			"Id": "ParamMouthForm",
			"GroupId": "",
			"Name": "嘴　变形"
		},
		{
			"Id": "ParamMouthOpenY",
			"GroupId": "",
			"Name": "嘴　张开和闭合"
		},
		{
			"Id": "ParamCheek",
			"GroupId": "",
			"Name": "脸颊泛红"
		},
		{
			"Id": "ParamBodyAngleX",
			"GroupId": "",
			"Name": "身体旋转　X"
		},
		{
			"Id": "ParamBodyAngleY",
			"GroupId": "",
			"Name": "身体旋转　Y"
		},
		{
			"Id": "ParamBodyAngleZ",
			"GroupId": "",
			"Name": "身体旋转　Z"
		},
		{
			"Id": "ParamBreath",
			"GroupId": "",
			"Name": "呼吸"
		},
		{
			"Id": "ParamHairFront",
			"GroupId": "",
			"Name": "摇动 前发"
		},
		{
			"Id": "ParamHairSide",
			"GroupId": "",
			"Name": "摇动 侧发"
		},
		{
			"Id": "ParamHairBack",
			"GroupId": "",
			"Name": "摇动 后发"
		}
	],
	"ParameterGroups": [],
	"Parts": [
		{
			"Id": "Part",
			"Name": "手"
		},
		{
			"Id": "Part3",
			"Name": "眼睛"
		},
		{
			"Id": "Part6",
			"Name": "嘴部"
		},
		{
			"Id": "Part7",
			"Name": "脸"
		},
		{
			"Id": "Part8",
			"Name": "耳朵"
		},
		{
			"Id": "Part9",
			"Name": "尾巴"
		},
		{
			"Id": "Part16",
			"Name": "桌面.psd"
		},
		{
			"Id": "Part4",
			"Name": "左眼"
		},
		{
			"Id": "Part5",
			"Name": "右眼"
		},
		{
			"Id": "Part15",
			"Name": "桌面"
		}
	],
	"CombinedParameters": [
		[
			"ParamMouseX",
			"ParamMouseY"
		],
		[
			"ParamAngleX",
			"ParamAngleY"
		],
		[
			"Param",
			"Param2"
		]
	]
}