{
	"Version": 3,
	"Meta": {
		"Duration": 5,
		"Fps": 30.0,
		"Loop": true,
		"AreBeziersRestricted": true,
		"CurveCount": 5,
		"TotalSegmentCount": 24,
		"TotalPointCount": 69,
		"UserDataCount": 0,
		"TotalUserDataSize": 0
	},
	"Curves": [
		{
			"Target": "Parameter",
			"Id": "ParamCheek",
			"Segments": [
				0,
				0,
				1,
				0.111,
				0,
				0.222,
				1,
				0.333,
				1,
				1,
				1.756,
				1,
				3.178,
				1,
				4.6,
				1,
				1,
				4.711,
				1,
				4.822,
				0,
				4.933,
				0,
				0,
				5,
				0
			]
		},
		{
			"Target": "Parameter",
			"Id": "Param17",
			"Segments": [
				0,
				0,
				1,
				0.122,
				0,
				0.244,
				-30,
				0.367,
				-30,
				1,
				0.522,
				-30,
				0.678,
				30,
				0.833,
				30,
				1,
				0.989,
				30,
				1.144,
				-30,
				1.3,
				-30,
				1,
				1.478,
				-30,
				1.656,
				30,
				1.833,
				30,
				1,
				1.944,
				30,
				2.056,
				-30,
				2.167,
				-30,
				1,
				2.278,
				-30,
				2.389,
				30,
				2.5,
				30,
				1,
				2.678,
				30,
				2.856,
				-30,
				3.033,
				-30,
				1,
				3.167,
				-30,
				3.3,
				30,
				3.433,
				30,
				1,
				3.644,
				30,
				3.856,
				-30,
				4.067,
				-30,
				1,
				4.311,
				-30,
				4.556,
				0,
				4.8,
				0,
				0,
				5,
				0
			]
		},
		{
			"Target": "Parameter",
			"Id": "Param9",
			"Segments": [
				0,
				0,
				0,
				1.3,
				0,
				1,
				1.8,
				0,
				2.3,
				1,
				2.8,
				1,
				0,
				5,
				1
			]
		},
		{
			"Target": "Parameter",
			"Id": "Param4",
			"Segments": [
				0,
				0,
				1,
				0.111,
				0,
				0.222,
				1,
				0.333,
				1,
				1,
				1.8,
				1,
				3.267,
				1,
				4.733,
				1,
				1,
				4.822,
				1,
				4.911,
				0,
				5,
				0
			]
		},
		{
			"Target": "Parameter",
			"Id": "Param3",
			"Segments": [
				0,
				0,
				1,
				0.111,
				0,
				0.222,
				1,
				0.333,
				1,
				1,
				1.8,
				1,
				3.267,
				1,
				4.733,
				1,
				1,
				4.822,
				1,
				4.911,
				0,
				5,
				0
			]
		}
	]
}