{
	"Version": 3,
	"Meta": {
		"Duration": 1.967,
		"Fps": 30.0,
		"Loop": true,
		"AreBeziersRestricted": true,
		"CurveCount": 5,
		"TotalSegmentCount": 24,
		"TotalPointCount": 53,
		"UserDataCount": 0,
		"TotalUserDataSize": 0
	},
	"Curves": [
		{
			"Target": "Parameter",
			"Id": "Param8",
			"Segments": [
				0,
				0,
				0,
				0.167,
				0.5,
				0,
				0.333,
				1,
				0,
				0.533,
				0,
				0,
				0.733,
				1,
				0,
				1,
				0,
				0,
				1.967,
				0
			]
		},
		{
			"Target": "Parameter",
			"Id": "Param",
			"Segments": [
				0,
				0,
				0,
				0.233,
				0,
				1,
				0.322,
				0,
				0.411,
				1,
				0.5,
				1,
				1,
				0.889,
				1,
				1.278,
				1,
				1.667,
				1,
				1,
				1.711,
				1,
				1.756,
				0,
				1.8,
				0,
				0,
				1.967,
				0
			]
		},
		{
			"Target": "Parameter",
			"Id": "Param2",
			"Segments": [
				0,
				0,
				1,
				0.167,
				0,
				0.333,
				1,
				0.5,
				1,
				1,
				0.889,
				1,
				1.278,
				1,
				1.667,
				1,
				1,
				1.711,
				1,
				1.756,
				0,
				1.8,
				0,
				0,
				1.967,
				0
			]
		},
		{
			"Target": "Parameter",
			"Id": "Param4",
			"Segments": [
				0,
				0,
				0,
				0.333,
				0,
				1,
				0.367,
				0,
				0.4,
				1,
				0.433,
				1,
				1,
				0.844,
				1,
				1.256,
				1,
				1.667,
				1,
				1,
				1.711,
				1,
				1.756,
				0,
				1.8,
				0,
				0,
				1.967,
				0
			]
		},
		{
			"Target": "Parameter",
			"Id": "Param16",
			"Segments": [
				0,
				0,
				1,
				0.111,
				0,
				0.222,
				1,
				0.333,
				1,
				1,
				0.778,
				1,
				1.222,
				1,
				1.667,
				1,
				1,
				1.711,
				1,
				1.756,
				0,
				1.8,
				0,
				0,
				1.967,
				0
			]
		}
	]
}