{
	"Version": 3,
	"FileReferences": {
		"Moc": "mmk live.moc3",
		"Textures": [
			"mmk live.1024/texture_00.png"
		],
		"Physics": "mmk live.physics3.json",
		"DisplayInfo": "mmk live.cdi3.json",
		"Expressions": [
			{
				"Name": "expression1",
				"File": "expression1.exp3.json"
			},
			{
				"Name": "expression2",
				"File": "expression2.exp3.json"
			},
			{
				"Name": "expression3",
				"File": "expression3.exp3.json"
			},
			{
				"Name": "expression4",
				"File": "expression4.exp3.json"
			}
		]
	},
	"Groups": [
		{
			"Target": "Parameter",
			"Name": "EyeBlink",
			"Ids": [
				"ParamEyeLOpen",
				"ParamEyeROpen",
				"Param8"
			]
		},
		{
			"Target": "Parameter",
			"Name": "LipSync",
			"Ids": []
		}
	],
	"HitAreas": []
}