{
	"Version": 3,
	"Parameters": [
		{
			"Id": "ParamAngleX",
			"GroupId": "ParamGroup",
			"Name": "角度 X"
		},
		{
			"Id": "ParamAngleY",
			"GroupId": "ParamGroup",
			"Name": "角度 Y"
		},
		{
			"Id": "ParamMouseLeftDown",
			"GroupId": "ParamGroup",
			"Name": "mouseL"
		},
		{
			"Id": "ParamMouseRightDown",
			"GroupId": "ParamGroup",
			"Name": "mouseR"
		},
		{
			"Id": "ParamMouseX",
			"GroupId": "ParamGroup",
			"Name": "mouse-x"
		},
		{
			"Id": "ParamMouseY",
			"GroupId": "ParamGroup",
			"Name": "mouse-y"
		},
		{
			"Id": "ParamEyeLOpen",
			"GroupId": "ParamGroup",
			"Name": "me L"
		},
		{
			"Id": "ParamEyeROpen",
			"GroupId": "ParamGroup",
			"Name": "me R"
		},
		{
			"Id": "Param8",
			"GroupId": "ParamGroup",
			"Name": "KUCHI"
		},
		{
			"Id": "Param",
			"GroupId": "ParamGroup2",
			"Name": "kami mae"
		},
		{
			"Id": "Param2",
			"GroupId": "ParamGroup2",
			"Name": "kami migi"
		},
		{
			"Id": "Param3",
			"GroupId": "ParamGroup2",
			"Name": "kami mimi r"
		},
		{
			"Id": "Param4",
			"GroupId": "ParamGroup2",
			"Name": "kami mimi l"
		},
		{
			"Id": "Param5",
			"GroupId": "ParamGroup2",
			"Name": "kami to"
		},
		{
			"Id": "Param6",
			"GroupId": "ParamGroup2",
			"Name": "kami ato"
		},
		{
			"Id": "Param7",
			"GroupId": "ParamGroup3",
			"Name": "jyohou1"
		},
		{
			"Id": "Param9",
			"GroupId": "ParamGroup3",
			"Name": "jyohou2"
		},
		{
			"Id": "Param10",
			"GroupId": "ParamGroup3",
			"Name": "jyohou3"
		},
		{
			"Id": "Param11",
			"GroupId": "ParamGroup3",
			"Name": "jyohou4"
		}
	],
	"ParameterGroups": [
		{
			"Id": "ParamGroup",
			"GroupId": "",
			"Name": "Folder 1"
		},
		{
			"Id": "ParamGroup2",
			"GroupId": "",
			"Name": "wuli"
		},
		{
			"Id": "ParamGroup3",
			"GroupId": "",
			"Name": "Folder 2"
		}
	],
	"Parts": [
		{
			"Id": "Part16",
			"Name": "mmk live.psd(未找到对应图层)"
		},
		{
			"Id": "Part14",
			"Name": "mmk live.psd(未找到对应图层)"
		},
		{
			"Id": "Part12",
			"Name": "zhongzhi"
		},
		{
			"Id": "Part7",
			"Name": "jyohou12"
		},
		{
			"Id": "Part",
			"Name": "部件1"
		},
		{
			"Id": "Part6",
			"Name": "manzouku 3"
		},
		{
			"Id": "Part2",
			"Name": "bishi"
		},
		{
			"Id": "Part5",
			"Name": "leng"
		},
		{
			"Id": "Part3",
			"Name": "me r 1"
		},
		{
			"Id": "Part4",
			"Name": "me l 1"
		}
	],
	"CombinedParameters": [
		[
			"ParamAngleX",
			"ParamAngleY"
		],
		[
			"ParamMouseLeftDown",
			"ParamMouseRightDown"
		],
		[
			"ParamMouseX",
			"ParamMouseY"
		]
	]
}